code,metric,axis,rate,dec_p_flip,dec_p_ins,dec_p_del,dec_p_ovr_erase,decision_depth,max_drift,trials,ref_bits,edit_distance,edit_rate,lock_bits,mean_lock
K3_R1_2,edit,flip,0,0.01,0.01,0.01,0.01,24,8,30,119280,0,0,,
K3_R1_2,edit,flip,0.0033,0.01,0.01,0.01,0.01,24,8,30,119280,71,0.0005952381,,
K3_R1_2,edit,flip,0.0067,0.01,0.01,0.01,0.01,24,8,30,119280,331,0.0027749832,,
K3_R1_2,edit,flip,0.01,0.01,0.01,0.01,0.01,24,8,30,119280,574,0.0048122066,,
K3_R1_2,edit,flip,0.0133,0.01,0.01,0.01,0.01,24,8,30,119280,813,0.0068158954,,
K3_R1_2,edit,flip,0.0167,0.01,0.01,0.01,0.01,24,8,30,119280,1154,0.009674715,,
K3_R1_2,edit,flip,0.02,0.01,0.01,0.01,0.01,24,8,30,119280,1457,0.012214956,,
K3_R1_2,edit,flip,0.025,0.01,0.01,0.01,0.01,24,8,30,119280,2231,0.01870389,,
K3_R1_2,edit,flip,0.03,0.01,0.01,0.01,0.01,24,8,30,119280,2994,0.025100604,,
K3_R1_2,edit,flip,0.035,0.01,0.01,0.01,0.01,24,8,30,119280,3909,0.03277163,,
K3_R1_2,edit,flip,0.04,0.01,0.01,0.01,0.01,24,8,30,119280,5082,0.042605634,,
K3_R1_2,edit,flip,0.045,0.01,0.01,0.01,0.01,24,8,30,119280,6052,0.05073776,,
K3_R1_2,edit,flip,0.05,0.01,0.01,0.01,0.01,24,8,30,119280,7337,0.061510731,,
K3_R1_2,edit,flip,0.0567,0.01,0.01,0.01,0.01,24,8,30,119280,8701,0.072946009,,
K3_R1_2,edit,flip,0.0633,0.01,0.01,0.01,0.01,24,8,30,119280,10893,0.091322938,,
K3_R1_2,edit,flip,0.07,0.01,0.01,0.01,0.01,24,8,30,119280,12227,0.10250671,,
K3_R1_2,edit,flip,0.0767,0.01,0.01,0.01,0.01,24,8,30,119280,13875,0.11632294,,
K3_R1_2,edit,flip,0.0833,0.01,0.01,0.01,0.01,24,8,30,119280,15393,0.1290493,,
K3_R1_2,edit,flip,0.09,0.01,0.01,0.01,0.01,24,8,30,119280,17906,0.15011737,,
K3_R1_2,edit,flip,0.1,0.01,0.01,0.01,0.01,24,8,30,119280,19884,0.1667002,,
K3_R1_2,edit,flip,0.11,0.01,0.01,0.01,0.01,24,8,30,119280,22402,0.18781019,,
K3_R1_2,edit,flip,0.12,0.01,0.01,0.01,0.01,24,8,30,119280,24980,0.20942321,,
K3_R1_2,edit,flip,0.1333,0.01,0.01,0.01,0.01,24,8,30,119280,28224,0.23661972,,
K3_R1_2,edit,flip,0.1467,0.01,0.01,0.01,0.01,24,8,30,119280,30104,0.25238095,,
K3_R1_2,edit,flip,0.16,0.01,0.01,0.01,0.01,24,8,30,119280,33207,0.27839537,,
K3_R1_2,edit,flip,0.1733,0.01,0.01,0.01,0.01,24,8,30,119280,35166,0.29481891,,
K3_R1_2,edit,flip,0.1867,0.01,0.01,0.01,0.01,24,8,30,119280,37312,0.31281019,,
K3_R1_2,edit,flip,0.2,0.01,0.01,0.01,0.01,24,8,30,119280,38668,0.3241784,,
K3_R1_2,edit,flip,0.2167,0.01,0.01,0.01,0.01,24,8,30,119280,40526,0.3397552,,
K3_R1_2,edit,flip,0.2333,0.01,0.01,0.01,0.01,24,8,30,119280,41917,0.35141683,,
K3_R1_2,edit,flip,0.25,0.01,0.01,0.01,0.01,24,8,30,119280,42203,0.35381455,,
K3_R1_2,edit,insert,0,0.01,0.01,0.01,0.01,24,8,30,119280,0,0,,
K3_R1_2,edit,insert,0.0017,0.01,0.01,0.01,0.01,24,8,30,119280,284,0.0023809524,,
K3_R1_2,edit,insert,0.0033,0.01,0.01,0.01,0.01,24,8,30,119280,578,0.0048457411,,
K3_R1_2,edit,insert,0.005,0.01,0.01,0.01,0.01,24,8,30,119280,847,0.007100939,,
K3_R1_2,edit,insert,0.0067,0.01,0.01,0.01,0.01,24,8,30,119280,1135,0.0095154259,,
K3_R1_2,edit,insert,0.0083,0.01,0.01,0.01,0.01,24,8,30,119280,1497,0.012550302,,
K3_R1_2,edit,insert,0.01,0.01,0.01,0.01,0.01,24,8,30,119280,1863,0.015618712,,
K3_R1_2,edit,insert,0.0133,0.01,0.01,0.01,0.01,24,8,30,119280,2443,0.020481221,,
K3_R1_2,edit,insert,0.0167,0.01,0.01,0.01,0.01,24,8,30,119280,3116,0.026123407,,
K3_R1_2,edit,insert,0.02,0.01,0.01,0.01,0.01,24,8,30,119280,3872,0.032461435,,
K3_R1_2,edit,insert,0.025,0.01,0.01,0.01,0.01,24,8,30,119280,5256,0.044064386,,
K3_R1_2,edit,insert,0.03,0.01,0.01,0.01,0.01,24,8,30,119280,6304,0.052850436,,
K3_R1_2,edit,insert,0.035,0.01,0.01,0.01,0.01,24,8,30,119280,7056,0.05915493,,
K3_R1_2,edit,insert,0.04,0.01,0.01,0.01,0.01,24,8,30,119280,8438,0.070741113,,
K3_R1_2,edit,insert,0.045,0.01,0.01,0.01,0.01,24,8,30,119280,9809,0.082235077,,
K3_R1_2,edit,insert,0.05,0.01,0.01,0.01,0.01,24,8,30,119280,10983,0.092077465,,
K3_R1_2,edit,insert,0.0567,0.01,0.01,0.01,0.01,24,8,30,119280,12389,0.10386486,,
K3_R1_2,edit,insert,0.0633,0.01,0.01,0.01,0.01,24,8,30,119280,14659,0.12289571,,
K3_R1_2,edit,insert,0.07,0.01,0.01,0.01,0.01,24,8,30,119280,17300,0.14503689,,
K3_R1_2,edit,insert,0.08,0.01,0.01,0.01,0.01,24,8,30,119280,20016,0.16780684,,
K3_R1_2,edit,insert,0.09,0.01,0.01,0.01,0.01,24,8,30,119280,21907,0.1836603,,
K3_R1_2,edit,insert,0.1,0.01,0.01,0.01,0.01,24,8,30,119280,24348,0.20412475,,
K3_R1_2,edit,insert,0.1133,0.01,0.01,0.01,0.01,24,8,30,119280,27275,0.22866365,,
K3_R1_2,edit,insert,0.1267,0.01,0.01,0.01,0.01,24,8,30,119280,29801,0.24984071,,
K3_R1_2,edit,insert,0.14,0.01,0.01,0.01,0.01,24,8,30,119280,32263,0.27048122,,
K3_R1_2,edit,insert,0.16,0.01,0.01,0.01,0.01,24,8,30,119280,34856,0.29221999,,
K3_R1_2,edit,insert,0.18,0.01,0.01,0.01,0.01,24,8,30,119280,37244,0.31224011,,
K3_R1_2,edit,insert,0.2,0.01,0.01,0.01,0.01,24,8,30,119280,38713,0.32455567,,
K3_R1_2,edit,insert,0.2167,0.01,0.01,0.01,0.01,24,8,30,119280,40116,0.33631791,,
K3_R1_2,edit,insert,0.2333,0.01,0.01,0.01,0.01,24,8,30,119280,41022,0.34391348,,
K3_R1_2,edit,insert,0.25,0.01,0.01,0.01,0.01,24,8,30,119280,41703,0.34962274,,
K3_R1_2,edit,delete,0,0.01,0.01,0.01,0.01,24,8,30,119280,0,0,,
K3_R1_2,edit,delete,0.0033,0.01,0.01,0.01,0.01,24,8,30,119280,156,0.0013078471,,
K3_R1_2,edit,delete,0.0067,0.01,0.01,0.01,0.01,24,8,30,119280,335,0.0028085178,,
K3_R1_2,edit,delete,0.01,0.01,0.01,0.01,0.01,24,8,30,119280,674,0.0056505701,,
K3_R1_2,edit,delete,0.0133,0.01,0.01,0.01,0.01,24,8,30,119280,826,0.0069248826,,
K3_R1_2,edit,delete,0.0167,0.01,0.01,0.01,0.01,24,8,30,119280,1210,0.010144199,,
K3_R1_2,edit,delete,0.02,0.01,0.01,0.01,0.01,24,8,30,119280,1631,0.013673709,,
K3_R1_2,edit,delete,0.0233,0.01,0.01,0.01,0.01,24,8,30,119280,1958,0.016415158,,
K3_R1_2,edit,delete,0.0267,0.01,0.01,0.01,0.01,24,8,30,119280,2682,0.022484909,,
K3_R1_2,edit,delete,0.03,0.01,0.01,0.01,0.01,24,8,30,119280,3277,0.027473172,,
K3_R1_2,edit,delete,0.0367,0.01,0.01,0.01,0.01,24,8,30,119280,4286,0.03593226,,
K3_R1_2,edit,delete,0.0433,0.01,0.01,0.01,0.01,24,8,30,119280,5649,0.047359155,,
K3_R1_2,edit,delete,0.05,0.01,0.01,0.01,0.01,24,8,30,119280,6994,0.058635144,,
K3_R1_2,edit,delete,0.0567,0.01,0.01,0.01,0.01,24,8,30,119280,8088,0.067806841,,
K3_R1_2,edit,delete,0.0633,0.01,0.01,0.01,0.01,24,8,30,119280,9512,0.079745137,,
K3_R1_2,edit,delete,0.07,0.01,0.01,0.01,0.01,24,8,30,119280,10181,0.085353789,,
K3_R1_2,edit,delete,0.0767,0.01,0.01,0.01,0.01,24,8,30,119280,11851,0.09935446,,
K3_R1_2,edit,delete,0.0833,0.01,0.01,0.01,0.01,24,8,30,119280,12921,0.10832495,,
K3_R1_2,edit,delete,0.09,0.01,0.01,0.01,0.01,24,8,30,119280,14278,0.11970154,,
K3_R1_2,edit,delete,0.1,0.01,0.01,0.01,0.01,24,8,30,119280,16346,0.1370389,,
K3_R1_2,edit,delete,0.11,0.01,0.01,0.01,0.01,24,8,30,119280,17934,0.15035211,,
K3_R1_2,edit,delete,0.12,0.01,0.01,0.01,0.01,24,8,30,119280,19970,0.16742119,,
K3_R1_2,edit,delete,0.1333,0.01,0.01,0.01,0.01,24,8,30,119280,21873,0.18337525,,
K3_R1_2,edit,delete,0.1467,0.01,0.01,0.01,0.01,24,8,30,119280,24115,0.20217136,,
K3_R1_2,edit,delete,0.16,0.01,0.01,0.01,0.01,24,8,30,119280,26344,0.22085848,,
K3_R1_2,edit,delete,0.1733,0.01,0.01,0.01,0.01,24,8,30,119280,28190,0.23633467,,
K3_R1_2,edit,delete,0.1867,0.01,0.01,0.01,0.01,24,8,30,119280,30252,0.25362173,,
K3_R1_2,edit,delete,0.2,0.01,0.01,0.01,0.01,24,8,30,119280,32035,0.26856975,,
K3_R1_2,edit,delete,0.2167,0.01,0.01,0.01,0.01,24,8,30,119280,34216,0.28685446,,
K3_R1_2,edit,delete,0.2333,0.01,0.01,0.01,0.01,24,8,30,119280,36417,0.30530684,,
K3_R1_2,edit,delete,0.25,0.01,0.01,0.01,0.01,24,8,30,119280,37949,0.31815057,,
K3_R1_2,edit,erase,0,0.01,0.01,0.01,0.01,24,8,30,119280,0,0,,
K3_R1_2,edit,erase,0.0667,0.01,0.01,0.01,0.01,24,8,30,119280,4354,0.036502347,,
K3_R1_2,edit,erase,0.1333,0.01,0.01,0.01,0.01,24,8,30,119280,49656,0.41629779,,
K3_R1_2,edit,erase,0.2,0.01,0.01,0.01,0.01,24,8,30,119280,102335,0.8579393,,
K3_R1_2,edit,erase,0.25,0.01,0.01,0.01,0.01,24,8,30,119280,116150,0.97375922,,
K3_R1_2,edit,erase,0.3,0.01,0.01,0.01,0.01,24,8,30,119280,119007,0.99771127,,
K3_R1_2,edit,erase,0.35,0.01,0.01,0.01,0.01,24,8,30,119280,119296,1.0001341,,
K3_R1_2,edit,erase,0.3833,0.01,0.01,0.01,0.01,24,8,30,119280,119313,1.0002767,,
K3_R1_2,edit,erase,0.4167,0.01,0.01,0.01,0.01,24,8,30,119280,119310,1.0002515,,
K3_R1_2,edit,erase,0.45,0.01,0.01,0.01,0.01,24,8,30,119280,119310,1.0002515,,
K3_R1_2,edit,erase,0.4833,0.01,0.01,0.01,0.01,24,8,30,119280,119312,1.0002683,,
K3_R1_2,edit,erase,0.5167,0.01,0.01,0.01,0.01,24,8,30,119280,119312,1.0002683,,
K3_R1_2,edit,erase,0.55,0.01,0.01,0.01,0.01,24,8,30,119280,119316,1.0003018,,
K3_R1_2,edit,erase,0.5733,0.01,0.01,0.01,0.01,24,8,30,119280,119323,1.0003605,,
K3_R1_2,edit,erase,0.5967,0.01,0.01,0.01,0.01,24,8,30,119280,119325,1.0003773,,
K3_R1_2,edit,erase,0.62,0.01,0.01,0.01,0.01,24,8,30,119280,119355,1.0006288,,
K3_R1_2,edit,erase,0.6467,0.01,0.01,0.01,0.01,24,8,30,119280,119392,1.000939,,
K3_R1_2,edit,erase,0.6733,0.01,0.01,0.01,0.01,24,8,30,119280,119437,1.0013162,,
K3_R1_2,edit,erase,0.7,0.01,0.01,0.01,0.01,24,8,30,119280,119598,1.002666,,
K3_R1_2,edit,erase,0.7267,0.01,0.01,0.01,0.01,24,8,30,119280,119809,1.0044349,,
K3_R1_2,edit,erase,0.7533,0.01,0.01,0.01,0.01,24,8,30,119280,120377,1.0091968,,
K3_R1_2,edit,erase,0.78,0.01,0.01,0.01,0.01,24,8,30,119280,120996,1.0143863,,
K3_R1_2,edit,erase,0.8033,0.01,0.01,0.01,0.01,24,8,30,119280,122285,1.0251928,,
K3_R1_2,edit,erase,0.8267,0.01,0.01,0.01,0.01,24,8,30,119280,124485,1.0436368,,
K3_R1_2,edit,erase,0.85,0.01,0.01,0.01,0.01,24,8,30,119280,126642,1.0617203,,
K3_R1_2,edit,erase,0.8733,0.01,0.01,0.01,0.01,24,8,30,119280,126900,1.0638833,,
K3_R1_2,edit,erase,0.8967,0.01,0.01,0.01,0.01,24,8,30,119280,126900,1.0638833,,
K3_R1_2,edit,erase,0.92,0.01,0.01,0.01,0.01,24,8,30,119280,126900,1.0638833,,
K3_R1_2,lock,flip,0,0.01,0.01,0.01,0.01,24,8,30,,,,118080,0.99995672
K3_R1_2,lock,flip,0.0033,0.01,0.01,0.01,0.01,24,8,30,,,,118080,0.99699326
K3_R1_2,lock,flip,0.0067,0.01,0.01,0.01,0.01,24,8,30,,,,118080,0.99285092
K3_R1_2,lock,flip,0.01,0.01,0.01,0.01,0.01,24,8,30,,,,118080,0.98765438
K3_R1_2,lock,flip,0.0133,0.01,0.01,0.01,0.01,24,8,30,,,,118080,0.98248954
K3_R1_2,lock,flip,0.0167,0.01,0.01,0.01,0.01,24,8,30,,,,118080,0.97445353
K3_R1_2,lock,flip,0.02,0.01,0.01,0.01,0.01,24,8,30,,,,118200,0.96594776
K3_R1_2,lock,flip,0.025,0.01,0.01,0.01,0.01,24,8,30,,,,118488,0.95496188
K3_R1_2,lock,flip,0.03,0.01,0.01,0.01,0.01,24,8,30,,,,118776,0.94023129
K3_R1_2,lock,flip,0.035,0.01,0.01,0.01,0.01,24,8,30,,,,118800,0.92359415
K3_R1_2,lock,flip,0.04,0.01,0.01,0.01,0.01,24,8,30,,,,118872,0.9111847
K3_R1_2,lock,flip,0.045,0.01,0.01,0.01,0.01,24,8,30,,,,118944,0.89587936
K3_R1_2,lock,flip,0.05,0.01,0.01,0.01,0.01,24,8,30,,,,119352,0.8818016
K3_R1_2,lock,flip,0.0567,0.01,0.01,0.01,0.01,24,8,30,,,,119520,0.85847757
K3_R1_2,lock,flip,0.0633,0.01,0.01,0.01,0.01,24,8,30,,,,119760,0.83959822
K3_R1_2,lock,flip,0.07,0.01,0.01,0.01,0.01,24,8,30,,,,120120,0.82012554
K3_R1_2,lock,flip,0.0767,0.01,0.01,0.01,0.01,24,8,30,,,,120288,0.80172364
K3_R1_2,lock,flip,0.0833,0.01,0.01,0.01,0.01,24,8,30,,,,120576,0.78508605
K3_R1_2,lock,flip,0.09,0.01,0.01,0.01,0.01,24,8,30,,,,120792,0.76819901
K3_R1_2,lock,flip,0.1,0.01,0.01,0.01,0.01,24,8,30,,,,121104,0.74704888
K3_R1_2,lock,flip,0.11,0.01,0.01,0.01,0.01,24,8,30,,,,121488,0.72608428
K3_R1_2,lock,flip,0.12,0.01,0.01,0.01,0.01,24,8,30,,,,121680,0.70955926
K3_R1_2,lock,flip,0.1333,0.01,0.01,0.01,0.01,24,8,30,,,,122016,0.68883371
K3_R1_2,lock,flip,0.1467,0.01,0.01,0.01,0.01,24,8,30,,,,122304,0.67278329
K3_R1_2,lock,flip,0.16,0.01,0.01,0.01,0.01,24,8,30,,,,122520,0.65879368
K3_R1_2,lock,flip,0.1733,0.01,0.01,0.01,0.01,24,8,30,,,,122688,0.6489543
K3_R1_2,lock,flip,0.1867,0.01,0.01,0.01,0.01,24,8,30,,,,122808,0.64222463
K3_R1_2,lock,flip,0.2,0.01,0.01,0.01,0.01,24,8,30,,,,122784,0.63686157
K3_R1_2,lock,flip,0.2167,0.01,0.01,0.01,0.01,24,8,30,,,,122952,0.62735265
K3_R1_2,lock,flip,0.2333,0.01,0.01,0.01,0.01,24,8,30,,,,122928,0.62489641
K3_R1_2,lock,flip,0.25,0.01,0.01,0.01,0.01,24,8,30,,,,122952,0.61900894
K3_R1_2,lock,flip,0.2833,0.01,0.01,0.01,0.01,24,8,30,,,,123024,0.61538978
K3_R1_2,lock,flip,0.3167,0.01,0.01,0.01,0.01,24,8,30,,,,123168,0.61302328
K3_R1_2,lock,flip,0.35,0.01,0.01,0.01,0.01,24,8,30,,,,123168,0.61277911
K3_R1_2,lock,flip,0.4167,0.01,0.01,0.01,0.01,24,8,30,,,,123048,0.61116159
K3_R1_2,lock,flip,0.4833,0.01,0.01,0.01,0.01,24,8,30,,,,123048,0.61228995
K3_R1_2,lock,flip,0.55,0.01,0.01,0.01,0.01,24,8,30,,,,123048,0.61295769
K3_R1_2,lock,flip,0.6333,0.01,0.01,0.01,0.01,24,8,30,,,,123096,0.61162813
K3_R1_2,lock,flip,0.7167,0.01,0.01,0.01,0.01,24,8,30,,,,122952,0.61106383
K3_R1_2,lock,flip,0.8,0.01,0.01,0.01,0.01,24,8,30,,,,123024,0.60549595
K3_R1_2,lock,flip,0.8667,0.01,0.01,0.01,0.01,24,8,30,,,,123120,0.59745175
K3_R1_2,lock,flip,0.9333,0.01,0.01,0.01,0.01,24,8,30,,,,122952,0.58018493
K3_R1_2,lock,flip,1,0.01,0.01,0.01,0.01,24,8,30,,,,122904,0.55024374
K3_R1_2,lock,insert,0,0.01,0.01,0.01,0.01,24,8,30,,,,118080,0.99995672
K3_R1_2,lock,insert,0.0033,0.01,0.01,0.01,0.01,24,8,30,,,,118656,0.99723094
K3_R1_2,lock,insert,0.0067,0.01,0.01,0.01,0.01,24,8,30,,,,118896,0.99353046
K3_R1_2,lock,insert,0.01,0.01,0.01,0.01,0.01,24,8,30,,,,119472,0.9892365
K3_R1_2,lock,insert,0.0133,0.01,0.01,0.01,0.01,24,8,30,,,,120024,0.98337675
K3_R1_2,lock,insert,0.0167,0.01,0.01,0.01,0.01,24,8,30,,,,120288,0.97740546
K3_R1_2,lock,insert,0.02,0.01,0.01,0.01,0.01,24,8,30,,,,120864,0.97127919
K3_R1_2,lock,insert,0.025,0.01,0.01,0.01,0.01,24,8,30,,,,121584,0.95960472
K3_R1_2,lock,insert,0.03,0.01,0.01,0.01,0.01,24,8,30,,,,122136,0.94995632
K3_R1_2,lock,insert,0.035,0.01,0.01,0.01,0.01,24,8,30,,,,122976,0.93734445
K3_R1_2,lock,insert,0.04,0.01,0.01,0.01,0.01,24,8,30,,,,123648,0.92669438
K3_R1_2,lock,insert,0.045,0.01,0.01,0.01,0.01,24,8,30,,,,124416,0.91271672
K3_R1_2,lock,insert,0.05,0.01,0.01,0.01,0.01,24,8,30,,,,125040,0.90452953
K3_R1_2,lock,insert,0.0567,0.01,0.01,0.01,0.01,24,8,30,,,,126222,0.88501758
K3_R1_2,lock,insert,0.0633,0.01,0.01,0.01,0.01,24,8,30,,,,126738,0.86982641
K3_R1_2,lock,insert,0.07,0.01,0.01,0.01,0.01,24,8,30,,,,126900,0.85451511
K3_R1_2,lock,insert,0.0767,0.01,0.01,0.01,0.01,24,8,30,,,,126900,0.84030952
K3_R1_2,lock,insert,0.0833,0.01,0.01,0.01,0.01,24,8,30,,,,126900,0.82751252
K3_R1_2,lock,insert,0.09,0.01,0.01,0.01,0.01,24,8,30,,,,126900,0.81503411
K3_R1_2,lock,insert,0.1,0.01,0.01,0.01,0.01,24,8,30,,,,126900,0.79669787
K3_R1_2,lock,insert,0.11,0.01,0.01,0.01,0.01,24,8,30,,,,126900,0.77889082
K3_R1_2,lock,insert,0.12,0.01,0.01,0.01,0.01,24,8,30,,,,126900,0.76427375
K3_R1_2,lock,insert,0.1333,0.01,0.01,0.01,0.01,24,8,30,,,,126900,0.74712642
K3_R1_2,lock,insert,0.1467,0.01,0.01,0.01,0.01,24,8,30,,,,126900,0.730354
K3_R1_2,lock,insert,0.16,0.01,0.01,0.01,0.01,24,8,30,,,,126900,0.71601569
K3_R1_2,lock,insert,0.1733,0.01,0.01,0.01,0.01,24,8,30,,,,126900,0.70267094
K3_R1_2,lock,insert,0.1867,0.01,0.01,0.01,0.01,24,8,30,,,,126900,0.6925457
K3_R1_2,lock,insert,0.2,0.01,0.01,0.01,0.01,24,8,30,,,,126900,0.68050316
K3_R1_2,lock,insert,0.22,0.01,0.01,0.01,0.01,24,8,30,,,,126900,0.67123765
K3_R1_2,lock,insert,0.24,0.01,0.01,0.01,0.01,24,8,30,,,,126900,0.66044261
K3_R1_2,lock,insert,0.26,0.01,0.01,0.01,0.01,24,8,30,,,,126900,0.65357772
K3_R1_2,lock,insert,0.29,0.01,0.01,0.01,0.01,24,8,30,,,,126900,0.64417798
K3_R1_2,lock,insert,0.32,0.01,0.01,0.01,0.01,24,8,30,,,,126900,0.63677779
K3_R1_2,lock,insert,0.35,0.01,0.01,0.01,0.01,24,8,30,,,,126900,0.6283304
K3_R1_2,lock,insert,0.4167,0.01,0.01,0.01,0.01,24,8,30,,,,126900,0.6192945
K3_R1_2,lock,insert,0.4833,0.01,0.01,0.01,0.01,24,8,30,,,,126900,0.61738053
K3_R1_2,lock,insert,0.55,0.01,0.01,0.01,0.01,24,8,30,,,,126900,0.61380761
K3_R1_2,lock,insert,0.6333,0.01,0.01,0.01,0.01,24,8,30,,,,126900,0.61147015
K3_R1_2,lock,insert,0.7167,0.01,0.01,0.01,0.01,24,8,30,,,,126900,0.61209131
K3_R1_2,lock,insert,0.8,0.01,0.01,0.01,0.01,24,8,30,,,,126900,0.61321454
K3_R1_2,lock,insert,0.8667,0.01,0.01,0.01,0.01,24,8,30,,,,126900,0.60974315
K3_R1_2,lock,insert,0.9333,0.01,0.01,0.01,0.01,24,8,30,,,,126900,0.61137716
K3_R1_2,lock,insert,1,0.01,0.01,0.01,0.01,24,8,30,,,,126900,0.61118669
K3_R1_2,lock,delete,0,0.01,0.01,0.01,0.01,24,8,30,,,,118080,0.99995672
K3_R1_2,lock,delete,0.0033,0.01,0.01,0.01,0.01,24,8,30,,,,118080,0.99731227
K3_R1_2,lock,delete,0.0067,0.01,0.01,0.01,0.01,24,8,30,,,,118080,0.99320194
K3_R1_2,lock,delete,0.01,0.01,0.01,0.01,0.01,24,8,30,,,,118080,0.98876873
K3_R1_2,lock,delete,0.0133,0.01,0.01,0.01,0.01,24,8,30,,,,118080,0.98415328
K3_R1_2,lock,delete,0.0167,0.01,0.01,0.01,0.01,24,8,30,,,,118032,0.97793035
K3_R1_2,lock,delete,0.02,0.01,0.01,0.01,0.01,24,8,30,,,,117912,0.97107638
K3_R1_2,lock,delete,0.025,0.01,0.01,0.01,0.01,24,8,30,,,,117624,0.96240736
K3_R1_2,lock,delete,0.03,0.01,0.01,0.01,0.01,24,8,30,,,,117360,0.9507931
K3_R1_2,lock,delete,0.035,0.01,0.01,0.01,0.01,24,8,30,,,,117216,0.9405217
K3_R1_2,lock,delete,0.04,0.01,0.01,0.01,0.01,24,8,30,,,,116832,0.92642555
K3_R1_2,lock,delete,0.045,0.01,0.01,0.01,0.01,24,8,30,,,,116544,0.91807302
K3_R1_2,lock,delete,0.05,0.01,0.01,0.01,0.01,24,8,30,,,,116256,0.90386765
K3_R1_2,lock,delete,0.0567,0.01,0.01,0.01,0.01,24,8,30,,,,115728,0.89101157
K3_R1_2,lock,delete,0.0633,0.01,0.01,0.01,0.01,24,8,30,,,,115152,0.8739529
K3_R1_2,lock,delete,0.07,0.01,0.01,0.01,0.01,24,8,30,,,,114408,0.86176406
K3_R1_2,lock,delete,0.0767,0.01,0.01,0.01,0.01,24,8,30,,,,113784,0.84633856
K3_R1_2,lock,delete,0.0833,0.01,0.01,0.01,0.01,24,8,30,,,,113208,0.8379008
K3_R1_2,lock,delete,0.09,0.01,0.01,0.01,0.01,24,8,30,,,,112248,0.82416097
K3_R1_2,lock,delete,0.1,0.01,0.01,0.01,0.01,24,8,30,,,,111480,0.80638336
K3_R1_2,lock,delete,0.11,0.01,0.01,0.01,0.01,24,8,30,,,,110184,0.79170769
K3_R1_2,lock,delete,0.12,0.01,0.01,0.01,0.01,24,8,30,,,,108936,0.77328036
K3_R1_2,lock,delete,0.1333,0.01,0.01,0.01,0.01,24,8,30,,,,107112,0.75423588
K3_R1_2,lock,delete,0.1467,0.01,0.01,0.01,0.01,24,8,30,,,,105528,0.7408722
K3_R1_2,lock,delete,0.16,0.01,0.01,0.01,0.01,24,8,30,,,,103800,0.72593806
K3_R1_2,lock,delete,0.1733,0.01,0.01,0.01,0.01,24,8,30,,,,102168,0.71656451
K3_R1_2,lock,delete,0.1867,0.01,0.01,0.01,0.01,24,8,30,,,,100392,0.70266382
K3_R1_2,lock,delete,0.2,0.01,0.01,0.01,0.01,24,8,30,,,,98688,0.69088453
K3_R1_2,lock,delete,0.2333,0.01,0.01,0.01,0.01,24,8,30,,,,94152,0.67197911
K3_R1_2,lock,delete,0.2667,0.01,0.01,0.01,0.01,24,8,30,,,,89952,0.65523123
K3_R1_2,lock,delete,0.3,0.01,0.01,0.01,0.01,24,8,30,,,,85752,0.64629495
K3_R1_2,lock,delete,0.3667,0.01,0.01,0.01,0.01,24,8,30,,,,77112,0.63124226
K3_R1_2,lock,delete,0.4333,0.01,0.01,0.01,0.01,24,8,30,,,,68928,0.62241829
K3_R1_2,lock,delete,0.5,0.01,0.01,0.01,0.01,24,8,30,,,,60528,0.6175304
K3_R1_2,lock,delete,0.6,0.01,0.01,0.01,0.01,24,8,30,,,,48120,0.6139721
K3_R1_2,lock,delete,0.7,0.01,0.01,0.01,0.01,24,8,30,,,,35568,0.61296825
K3_R1_2,lock,delete,0.8,0.01,0.01,0.01,0.01,24,8,30,,,,22992,0.61028704
K3_R1_2,lock,delete,0.8333,0.01,0.01,0.01,0.01,24,8,30,,,,18720,0.61181116
K3_R1_2,lock,delete,0.8667,0.01,0.01,0.01,0.01,24,8,30,,,,14880,0.60924407
K3_R1_2,lock,delete,0.9,0.01,0.01,0.01,0.01,24,8,30,,,,10512,0.6057972
K3_R1_2,lock,delete,0.9167,0.01,0.01,0.01,0.01,24,8,30,,,,8664,0.60945784
K3_R1_2,lock,delete,0.9333,0.01,0.01,0.01,0.01,24,8,30,,,,6528,0.60395409
K3_R1_2,lock,delete,0.95,0.01,0.01,0.01,0.01,24,8,30,,,,4272,0.60495507
K3_R1_2,lock,delete,0.9667,0.01,0.01,0.01,0.01,24,8,30,,,,2208,0.61476566
K3_R1_2,lock,delete,1,0.01,0.01,0.01,0.01,24,8,30,,,,0,0
K3_R1_2,lock,delete,0.9833,0.01,0.01,0.01,0.01,24,8,30,,,,72,0.59907911
K3_R1_2,lock,erase,0,0.01,0.01,0.01,0.01,24,8,30,,,,118080,0.99995672
K3_R1_2,lock,erase,0.0067,0.01,0.01,0.01,0.01,24,8,30,,,,118080,0.99243383
K3_R1_2,lock,erase,0.0133,0.01,0.01,0.01,0.01,24,8,30,,,,118080,0.98087476
K3_R1_2,lock,erase,0.02,0.01,0.01,0.01,0.01,24,8,30,,,,118080,0.96720456
K3_R1_2,lock,erase,0.0267,0.01,0.01,0.01,0.01,24,8,30,,,,118080,0.947116
K3_R1_2,lock,erase,0.0333,0.01,0.01,0.01,0.01,24,8,30,,,,118080,0.92756611
K3_R1_2,lock,erase,0.04,0.01,0.01,0.01,0.01,24,8,30,,,,118080,0.90465615
K3_R1_2,lock,erase,0.05,0.01,0.01,0.01,0.01,24,8,30,,,,118080,0.86786347
K3_R1_2,lock,erase,0.06,0.01,0.01,0.01,0.01,24,8,30,,,,118080,0.82923465
K3_R1_2,lock,erase,0.07,0.01,0.01,0.01,0.01,24,8,30,,,,118080,0.78840573
K3_R1_2,lock,erase,0.08,0.01,0.01,0.01,0.01,24,8,30,,,,118080,0.7511625
K3_R1_2,lock,erase,0.09,0.01,0.01,0.01,0.01,24,8,30,,,,118080,0.70837852
K3_R1_2,lock,erase,0.1,0.01,0.01,0.01,0.01,24,8,30,,,,118080,0.67043148
K3_R1_2,lock,erase,0.11,0.01,0.01,0.01,0.01,24,8,30,,,,118080,0.63340731
K3_R1_2,lock,erase,0.12,0.01,0.01,0.01,0.01,24,8,30,,,,118080,0.5894922
K3_R1_2,lock,erase,0.13,0.01,0.01,0.01,0.01,24,8,30,,,,118080,0.54455944
K3_R1_2,lock,erase,0.14,0.01,0.01,0.01,0.01,24,8,30,,,,118080,0.50991184
K3_R1_2,lock,erase,0.15,0.01,0.01,0.01,0.01,24,8,30,,,,118080,0.46254083
K3_R1_2,lock,erase,0.16,0.01,0.01,0.01,0.01,24,8,30,,,,118080,0.4231924
K3_R1_2,lock,erase,0.17,0.01,0.01,0.01,0.01,24,8,30,,,,118080,0.37818133
K3_R1_2,lock,erase,0.18,0.01,0.01,0.01,0.01,24,8,30,,,,118080,0.340294
K3_R1_2,lock,erase,0.19,0.01,0.01,0.01,0.01,24,8,30,,,,118080,0.30811859
K3_R1_2,lock,erase,0.2,0.01,0.01,0.01,0.01,24,8,30,,,,118080,0.2666611
K3_R1_2,lock,erase,0.21,0.01,0.01,0.01,0.01,24,8,30,,,,118080,0.23904975
K3_R1_2,lock,erase,0.22,0.01,0.01,0.01,0.01,24,8,30,,,,118104,0.19930403
K3_R1_2,lock,erase,0.2333,0.01,0.01,0.01,0.01,24,8,30,,,,118080,0.16911507
K3_R1_2,lock,erase,0.2467,0.01,0.01,0.01,0.01,24,8,30,,,,118176,0.13731112
K3_R1_2,lock,erase,0.26,0.01,0.01,0.01,0.01,24,8,30,,,,118224,0.11161316
K3_R1_2,lock,erase,0.2733,0.01,0.01,0.01,0.01,24,8,30,,,,118176,0.083862078
K3_R1_2,lock,erase,0.2867,0.01,0.01,0.01,0.01,24,8,30,,,,118128,0.065134598
K3_R1_2,lock,erase,0.3,0.01,0.01,0.01,0.01,24,8,30,,,,118080,0.047279806
K3_R1_2,lock,erase,0.32,0.01,0.01,0.01,0.01,24,8,30,,,,118080,0.029512924
K3_R1_2,lock,erase,0.34,0.01,0.01,0.01,0.01,24,8,30,,,,118080,0.01791126
K3_R1_2,lock,erase,0.36,0.01,0.01,0.01,0.01,24,8,30,,,,118080,0.0092399536
K3_R1_2,lock,erase,0.4067,0.01,0.01,0.01,0.01,24,8,30,,,,118080,0.001945747
K3_R1_2,lock,erase,0.4533,0.01,0.01,0.01,0.01,24,8,30,,,,118080,0.00018694685
K3_R1_2,lock,erase,0.5,0.01,0.01,0.01,0.01,24,8,30,,,,118080,3.663062e-05
K3_R1_2,lock,erase,0.6667,0.01,0.01,0.01,0.01,24,8,30,,,,118128,0
K3_R1_2,lock,erase,0.8333,0.01,0.01,0.01,0.01,24,8,30,,,,124008,0
K3_R1_2,lock,erase,1,0.01,0.01,0.01,0.01,24,8,30,,,,126900,0
K7_R1_2,edit,flip,0,0.01,0.01,0.01,0.01,56,8,30,118320,0,0,,
K7_R1_2,edit,flip,0.0033,0.01,0.01,0.01,0.01,56,8,30,118320,40,0.00033806626,,
K7_R1_2,edit,flip,0.0067,0.01,0.01,0.01,0.01,56,8,30,118320,40,0.00033806626,,
K7_R1_2,edit,flip,0.01,0.01,0.01,0.01,0.01,56,8,30,118320,96,0.00081135903,,
K7_R1_2,edit,flip,0.0133,0.01,0.01,0.01,0.01,56,8,30,118320,188,0.0015889114,,
K7_R1_2,edit,flip,0.0167,0.01,0.01,0.01,0.01,56,8,30,118320,360,0.0030425963,,
K7_R1_2,edit,flip,0.02,0.01,0.01,0.01,0.01,56,8,30,118320,513,0.0043356998,,
K7_R1_2,edit,flip,0.025,0.01,0.01,0.01,0.01,56,8,30,118320,946,0.0079952671,,
K7_R1_2,edit,flip,0.03,0.01,0.01,0.01,0.01,56,8,30,118320,1160,0.0098039216,,
K7_R1_2,edit,flip,0.035,0.01,0.01,0.01,0.01,56,8,30,118320,1726,0.014587559,,
K7_R1_2,edit,flip,0.04,0.01,0.01,0.01,0.01,56,8,30,118320,2511,0.02122211,,
K7_R1_2,edit,flip,0.045,0.01,0.01,0.01,0.01,56,8,30,118320,3365,0.028439824,,
K7_R1_2,edit,flip,0.05,0.01,0.01,0.01,0.01,56,8,30,118320,3953,0.033409398,,
K7_R1_2,edit,flip,0.0567,0.01,0.01,0.01,0.01,56,8,30,118320,6239,0.052729885,,
K7_R1_2,edit,flip,0.0633,0.01,0.01,0.01,0.01,56,8,30,118320,7518,0.063539554,,
K7_R1_2,edit,flip,0.07,0.01,0.01,0.01,0.01,56,8,30,118320,10038,0.084837728,,
K7_R1_2,edit,flip,0.0767,0.01,0.01,0.01,0.01,56,8,30,118320,12018,0.10157201,,
K7_R1_2,edit,flip,0.0833,0.01,0.01,0.01,0.01,56,8,30,118320,14826,0.12530426,,
K7_R1_2,edit,flip,0.09,0.01,0.01,0.01,0.01,56,8,30,118320,16674,0.14092292,,
K7_R1_2,edit,flip,0.1,0.01,0.01,0.01,0.01,56,8,30,118320,19357,0.16359872,,
K7_R1_2,edit,flip,0.11,0.01,0.01,0.01,0.01,56,8,30,118320,23688,0.20020284,,
K7_R1_2,edit,flip,0.12,0.01,0.01,0.01,0.01,56,8,30,118320,26037,0.22005578,,
K7_R1_2,edit,flip,0.1333,0.01,0.01,0.01,0.01,56,8,30,118320,29337,0.24794625,,
K7_R1_2,edit,flip,0.1467,0.01,0.01,0.01,0.01,56,8,30,118320,31920,0.26977688,,
K7_R1_2,edit,flip,0.16,0.01,0.01,0.01,0.01,56,8,30,118320,33322,0.2816261,,
K7_R1_2,edit,flip,0.1733,0.01,0.01,0.01,0.01,56,8,30,118320,34455,0.29120183,,
K7_R1_2,edit,flip,0.1867,0.01,0.01,0.01,0.01,56,8,30,118320,35040,0.29614604,,
K7_R1_2,edit,flip,0.2,0.01,0.01,0.01,0.01,56,8,30,118320,35297,0.29831812,,
K7_R1_2,edit,flip,0.2167,0.01,0.01,0.01,0.01,56,8,30,118320,35641,0.30122549,,
K7_R1_2,edit,flip,0.2333,0.01,0.01,0.01,0.01,56,8,30,118320,35927,0.30364266,,
K7_R1_2,edit,flip,0.25,0.01,0.01,0.01,0.01,56,8,30,118320,36179,0.30577248,,
K7_R1_2,edit,insert,0,0.01,0.01,0.01,0.01,56,8,30,118320,0,0,,
K7_R1_2,edit,insert,0.0017,0.01,0.01,0.01,0.01,56,8,30,118320,69,0.0005831643,,
K7_R1_2,edit,insert,0.0033,0.01,0.01,0.01,0.01,56,8,30,118320,147,0.0012423935,,
K7_R1_2,edit,insert,0.005,0.01,0.01,0.01,0.01,56,8,30,118320,188,0.0015889114,,
K7_R1_2,edit,insert,0.0067,0.01,0.01,0.01,0.01,56,8,30,118320,254,0.0021467208,,
K7_R1_2,edit,insert,0.0083,0.01,0.01,0.01,0.01,56,8,30,118320,341,0.0028820149,,
K7_R1_2,edit,insert,0.01,0.01,0.01,0.01,0.01,56,8,30,118320,456,0.0038539554,,
K7_R1_2,edit,insert,0.0133,0.01,0.01,0.01,0.01,56,8,30,118320,755,0.0063810007,,
K7_R1_2,edit,insert,0.0167,0.01,0.01,0.01,0.01,56,8,30,118320,1103,0.0093221771,,
K7_R1_2,edit,insert,0.02,0.01,0.01,0.01,0.01,56,8,30,118320,1354,0.011443543,,
K7_R1_2,edit,insert,0.025,0.01,0.01,0.01,0.01,56,8,30,118320,2212,0.018695064,,
K7_R1_2,edit,insert,0.03,0.01,0.01,0.01,0.01,56,8,30,118320,2822,0.023850575,,
K7_R1_2,edit,insert,0.035,0.01,0.01,0.01,0.01,56,8,30,118320,3868,0.032691007,,
K7_R1_2,edit,insert,0.04,0.01,0.01,0.01,0.01,56,8,30,118320,4580,0.038708587,,
K7_R1_2,edit,insert,0.045,0.01,0.01,0.01,0.01,56,8,30,118320,5451,0.04606998,,
K7_R1_2,edit,insert,0.05,0.01,0.01,0.01,0.01,56,8,30,118320,6774,0.057251521,,
K7_R1_2,edit,insert,0.0567,0.01,0.01,0.01,0.01,56,8,30,118320,8519,0.071999662,,
K7_R1_2,edit,insert,0.0633,0.01,0.01,0.01,0.01,56,8,30,118320,10747,0.090829953,,
K7_R1_2,edit,insert,0.07,0.01,0.01,0.01,0.01,56,8,30,118320,12540,0.10598377,,
K7_R1_2,edit,insert,0.08,0.01,0.01,0.01,0.01,56,8,30,118320,15388,0.13005409,,
K7_R1_2,edit,insert,0.09,0.01,0.01,0.01,0.01,56,8,30,118320,20361,0.17208418,,
K7_R1_2,edit,insert,0.1,0.01,0.01,0.01,0.01,56,8,30,118320,24660,0.20841785,,
K7_R1_2,edit,insert,0.1133,0.01,0.01,0.01,0.01,56,8,30,118320,28691,0.24248648,,
K7_R1_2,edit,insert,0.1267,0.01,0.01,0.01,0.01,56,8,30,118320,31575,0.26686105,,
K7_R1_2,edit,insert,0.14,0.01,0.01,0.01,0.01,56,8,30,118320,34293,0.28983266,,
K7_R1_2,edit,insert,0.16,0.01,0.01,0.01,0.01,56,8,30,118320,36033,0.30453854,,
K7_R1_2,edit,insert,0.18,0.01,0.01,0.01,0.01,56,8,30,118320,36650,0.30975321,,
K7_R1_2,edit,insert,0.2,0.01,0.01,0.01,0.01,56,8,30,118320,36889,0.31177316,,
K7_R1_2,edit,insert,0.2167,0.01,0.01,0.01,0.01,56,8,30,118320,37189,0.31430865,,
K7_R1_2,edit,insert,0.2333,0.01,0.01,0.01,0.01,56,8,30,118320,37122,0.31374239,,
K7_R1_2,edit,insert,0.25,0.01,0.01,0.01,0.01,56,8,30,118320,36927,0.31209432,,
K7_R1_2,edit,delete,0,0.01,0.01,0.01,0.01,56,8,30,118320,0,0,,
K7_R1_2,edit,delete,0.0033,0.01,0.01,0.01,0.01,56,8,30,118320,60,0.00050709939,,
K7_R1_2,edit,delete,0.0067,0.01,0.01,0.01,0.01,56,8,30,118320,63,0.00053245436,,
K7_R1_2,edit,delete,0.01,0.01,0.01,0.01,0.01,56,8,30,118320,114,0.00096348884,,
K7_R1_2,edit,delete,0.0133,0.01,0.01,0.01,0.01,56,8,30,118320,148,0.0012508452,,
K7_R1_2,edit,delete,0.0167,0.01,0.01,0.01,0.01,56,8,30,118320,126,0.0010649087,,
K7_R1_2,edit,delete,0.02,0.01,0.01,0.01,0.01,56,8,30,118320,286,0.0024171738,,
K7_R1_2,edit,delete,0.0233,0.01,0.01,0.01,0.01,56,8,30,118320,537,0.0045385396,,
K7_R1_2,edit,delete,0.0267,0.01,0.01,0.01,0.01,56,8,30,118320,1005,0.0084939148,,
K7_R1_2,edit,delete,0.03,0.01,0.01,0.01,0.01,56,8,30,118320,1397,0.011806964,,
K7_R1_2,edit,delete,0.0367,0.01,0.01,0.01,0.01,56,8,30,118320,2155,0.01821332,,
K7_R1_2,edit,delete,0.0433,0.01,0.01,0.01,0.01,56,8,30,118320,3114,0.026318458,,
K7_R1_2,edit,delete,0.05,0.01,0.01,0.01,0.01,56,8,30,118320,4272,0.036105477,,
K7_R1_2,edit,delete,0.0567,0.01,0.01,0.01,0.01,56,8,30,118320,5269,0.044531778,,
K7_R1_2,edit,delete,0.0633,0.01,0.01,0.01,0.01,56,8,30,118320,7218,0.061004057,,
K7_R1_2,edit,delete,0.07,0.01,0.01,0.01,0.01,56,8,30,118320,8391,0.07091785,,
K7_R1_2,edit,delete,0.0767,0.01,0.01,0.01,0.01,56,8,30,118320,10261,0.086722448,,
K7_R1_2,edit,delete,0.0833,0.01,0.01,0.01,0.01,56,8,30,118320,11781,0.099568966,,
K7_R1_2,edit,delete,0.09,0.01,0.01,0.01,0.01,56,8,30,118320,13451,0.11368323,,
K7_R1_2,edit,delete,0.1,0.01,0.01,0.01,0.01,56,8,30,118320,16771,0.14174273,,
K7_R1_2,edit,delete,0.11,0.01,0.01,0.01,0.01,56,8,30,118320,19632,0.16592292,,
K7_R1_2,edit,delete,0.12,0.01,0.01,0.01,0.01,56,8,30,118320,21813,0.18435598,,
K7_R1_2,edit,delete,0.1333,0.01,0.01,0.01,0.01,56,8,30,118320,25494,0.21546653,,
K7_R1_2,edit,delete,0.1467,0.01,0.01,0.01,0.01,56,8,30,118320,28129,0.23773665,,
K7_R1_2,edit,delete,0.16,0.01,0.01,0.01,0.01,56,8,30,118320,30370,0.25667681,,
K7_R1_2,edit,delete,0.1733,0.01,0.01,0.01,0.01,56,8,30,118320,31707,0.26797667,,
K7_R1_2,edit,delete,0.1867,0.01,0.01,0.01,0.01,56,8,30,118320,33536,0.28343475,,
K7_R1_2,edit,delete,0.2,0.01,0.01,0.01,0.01,56,8,30,118320,34704,0.29330629,,
K7_R1_2,edit,delete,0.2167,0.01,0.01,0.01,0.01,56,8,30,118320,36304,0.30682894,,
K7_R1_2,edit,delete,0.2333,0.01,0.01,0.01,0.01,56,8,30,118320,36922,0.31205206,,
K7_R1_2,edit,delete,0.25,0.01,0.01,0.01,0.01,56,8,30,118320,38404,0.32457742,,
K7_R1_2,edit,erase,0,0.01,0.01,0.01,0.01,56,8,30,118320,0,0,,
K7_R1_2,edit,erase,0.0667,0.01,0.01,0.01,0.01,56,8,30,118320,623,0.005265382,,
K7_R1_2,edit,erase,0.1333,0.01,0.01,0.01,0.01,56,8,30,118320,47083,0.39792934,,
K7_R1_2,edit,erase,0.2,0.01,0.01,0.01,0.01,56,8,30,118320,112125,0.94764199,,
K7_R1_2,edit,erase,0.25,0.01,0.01,0.01,0.01,56,8,30,118320,118191,0.99890974,,
K7_R1_2,edit,erase,0.3,0.01,0.01,0.01,0.01,56,8,30,118320,118350,1.0002535,,
K7_R1_2,edit,erase,0.35,0.01,0.01,0.01,0.01,56,8,30,118320,118350,1.0002535,,
K7_R1_2,edit,erase,0.3833,0.01,0.01,0.01,0.01,56,8,30,118320,118350,1.0002535,,
K7_R1_2,edit,erase,0.4167,0.01,0.01,0.01,0.01,56,8,30,118320,118350,1.0002535,,
K7_R1_2,edit,erase,0.45,0.01,0.01,0.01,0.01,56,8,30,118320,118350,1.0002535,,
K7_R1_2,edit,erase,0.4833,0.01,0.01,0.01,0.01,56,8,30,118320,118350,1.0002535,,
K7_R1_2,edit,erase,0.5167,0.01,0.01,0.01,0.01,56,8,30,118320,118355,1.0002958,,
K7_R1_2,edit,erase,0.55,0.01,0.01,0.01,0.01,56,8,30,118320,118357,1.0003127,,
K7_R1_2,edit,erase,0.5733,0.01,0.01,0.01,0.01,56,8,30,118320,118358,1.0003212,,
K7_R1_2,edit,erase,0.5967,0.01,0.01,0.01,0.01,56,8,30,118320,118369,1.0004141,,
K7_R1_2,edit,erase,0.62,0.01,0.01,0.01,0.01,56,8,30,118320,118394,1.0006254,,
K7_R1_2,edit,erase,0.6467,0.01,0.01,0.01,0.01,56,8,30,118320,118422,1.0008621,,
K7_R1_2,edit,erase,0.6733,0.01,0.01,0.01,0.01,56,8,30,118320,118491,1.0014452,,
K7_R1_2,edit,erase,0.7,0.01,0.01,0.01,0.01,56,8,30,118320,118616,1.0025017,,
K7_R1_2,edit,erase,0.7267,0.01,0.01,0.01,0.01,56,8,30,118320,118906,1.0049527,,
K7_R1_2,edit,erase,0.7533,0.01,0.01,0.01,0.01,56,8,30,118320,119265,1.0079868,,
K7_R1_2,edit,erase,0.78,0.01,0.01,0.01,0.01,56,8,30,118320,120301,1.0167427,,
K7_R1_2,edit,erase,0.8033,0.01,0.01,0.01,0.01,56,8,30,118320,121371,1.025786,,
K7_R1_2,edit,erase,0.8267,0.01,0.01,0.01,0.01,56,8,30,118320,123278,1.0419033,,
K7_R1_2,edit,erase,0.85,0.01,0.01,0.01,0.01,56,8,30,118320,125664,1.062069,,
K7_R1_2,edit,erase,0.8733,0.01,0.01,0.01,0.01,56,8,30,118320,125820,1.0633874,,
K7_R1_2,edit,erase,0.8967,0.01,0.01,0.01,0.01,56,8,30,118320,125820,1.0633874,,
K7_R1_2,edit,erase,0.92,0.01,0.01,0.01,0.01,56,8,30,118320,125820,1.0633874,,
K7_R1_2,lock,flip,0,0.01,0.01,0.01,0.01,56,8,30,,,,115920,0.9998858
K7_R1_2,lock,flip,0.0033,0.01,0.01,0.01,0.01,56,8,30,,,,115920,0.99944384
K7_R1_2,lock,flip,0.0067,0.01,0.01,0.01,0.01,56,8,30,,,,115920,0.99805832
K7_R1_2,lock,flip,0.01,0.01,0.01,0.01,0.01,56,8,30,,,,115920,0.99540135
K7_R1_2,lock,flip,0.0133,0.01,0.01,0.01,0.01,56,8,30,,,,115920,0.99082308
K7_R1_2,lock,flip,0.0167,0.01,0.01,0.01,0.01,56,8,30,,,,115920,0.98517873
K7_R1_2,lock,flip,0.02,0.01,0.01,0.01,0.01,56,8,30,,,,115920,0.97795251
K7_R1_2,lock,flip,0.025,0.01,0.01,0.01,0.01,56,8,30,,,,115920,0.96457175
K7_R1_2,lock,flip,0.03,0.01,0.01,0.01,0.01,56,8,30,,,,115920,0.95033426
K7_R1_2,lock,flip,0.035,0.01,0.01,0.01,0.01,56,8,30,,,,115920,0.93234869
K7_R1_2,lock,flip,0.04,0.01,0.01,0.01,0.01,56,8,30,,,,115920,0.91452912
K7_R1_2,lock,flip,0.045,0.01,0.01,0.01,0.01,56,8,30,,,,115920,0.89663319
K7_R1_2,lock,flip,0.05,0.01,0.01,0.01,0.01,56,8,30,,,,115920,0.88192418
K7_R1_2,lock,flip,0.0567,0.01,0.01,0.01,0.01,56,8,30,,,,116088,0.85588767
K7_R1_2,lock,flip,0.0633,0.01,0.01,0.01,0.01,56,8,30,,,,116704,0.83684791
K7_R1_2,lock,flip,0.07,0.01,0.01,0.01,0.01,56,8,30,,,,117432,0.81213923
K7_R1_2,lock,flip,0.0767,0.01,0.01,0.01,0.01,56,8,30,,,,117600,0.7975922
K7_R1_2,lock,flip,0.0833,0.01,0.01,0.01,0.01,56,8,30,,,,117600,0.77587375
K7_R1_2,lock,flip,0.09,0.01,0.01,0.01,0.01,56,8,30,,,,117712,0.76266382
K7_R1_2,lock,flip,0.1,0.01,0.01,0.01,0.01,56,8,30,,,,117936,0.74725993
K7_R1_2,lock,flip,0.11,0.01,0.01,0.01,0.01,56,8,30,,,,118888,0.73115268
K7_R1_2,lock,flip,0.12,0.01,0.01,0.01,0.01,56,8,30,,,,119112,0.72147709
K7_R1_2,lock,flip,0.1333,0.01,0.01,0.01,0.01,56,8,30,,,,119280,0.70924135
K7_R1_2,lock,flip,0.1467,0.01,0.01,0.01,0.01,56,8,30,,,,119280,0.70268948
K7_R1_2,lock,flip,0.16,0.01,0.01,0.01,0.01,56,8,30,,,,119280,0.69902587
K7_R1_2,lock,flip,0.1733,0.01,0.01,0.01,0.01,56,8,30,,,,119392,0.69579529
K7_R1_2,lock,flip,0.1867,0.01,0.01,0.01,0.01,56,8,30,,,,119280,0.69443531
K7_R1_2,lock,flip,0.2,0.01,0.01,0.01,0.01,56,8,30,,,,119280,0.69329132
K7_R1_2,lock,flip,0.2167,0.01,0.01,0.01,0.01,56,8,30,,,,119336,0.69269325
K7_R1_2,lock,flip,0.2333,0.01,0.01,0.01,0.01,56,8,30,,,,119448,0.69140771
K7_R1_2,lock,flip,0.25,0.01,0.01,0.01,0.01,56,8,30,,,,119280,0.69129134
K7_R1_2,lock,flip,0.2833,0.01,0.01,0.01,0.01,56,8,30,,,,119336,0.69095277
K7_R1_2,lock,flip,0.3167,0.01,0.01,0.01,0.01,56,8,30,,,,119392,0.69105859
K7_R1_2,lock,flip,0.35,0.01,0.01,0.01,0.01,56,8,30,,,,119336,0.69192765
K7_R1_2,lock,flip,0.4167,0.01,0.01,0.01,0.01,56,8,30,,,,119280,0.69145442
K7_R1_2,lock,flip,0.4833,0.01,0.01,0.01,0.01,56,8,30,,,,119392,0.69158464
K7_R1_2,lock,flip,0.55,0.01,0.01,0.01,0.01,56,8,30,,,,119336,0.6914837
K7_R1_2,lock,flip,0.6333,0.01,0.01,0.01,0.01,56,8,30,,,,119336,0.69215963
K7_R1_2,lock,flip,0.7167,0.01,0.01,0.01,0.01,56,8,30,,,,119392,0.69120199
K7_R1_2,lock,flip,0.8,0.01,0.01,0.01,0.01,56,8,30,,,,119280,0.69303232
K7_R1_2,lock,flip,0.8667,0.01,0.01,0.01,0.01,56,8,30,,,,119280,0.70992827
K7_R1_2,lock,flip,0.9333,0.01,0.01,0.01,0.01,56,8,30,,,,117152,0.82216558
K7_R1_2,lock,flip,1,0.01,0.01,0.01,0.01,56,8,30,,,,115920,0.9998858
K7_R1_2,lock,insert,0,0.01,0.01,0.01,0.01,56,8,30,,,,115920,0.9998858
K7_R1_2,lock,insert,0.0033,0.01,0.01,0.01,0.01,56,8,30,,,,115920,0.99951681
K7_R1_2,lock,insert,0.0067,0.01,0.01,0.01,0.01,56,8,30,,,,115920,0.99790131
K7_R1_2,lock,insert,0.01,0.01,0.01,0.01,0.01,56,8,30,,,,115920,0.99545019
K7_R1_2,lock,insert,0.0133,0.01,0.01,0.01,0.01,56,8,30,,,,115920,0.99045512
K7_R1_2,lock,insert,0.0167,0.01,0.01,0.01,0.01,56,8,30,,,,115920,0.98483879
K7_R1_2,lock,insert,0.02,0.01,0.01,0.01,0.01,56,8,30,,,,115920,0.97750845
K7_R1_2,lock,insert,0.025,0.01,0.01,0.01,0.01,56,8,30,,,,116088,0.96457918
K7_R1_2,lock,insert,0.03,0.01,0.01,0.01,0.01,56,8,30,,,,117096,0.94873415
K7_R1_2,lock,insert,0.035,0.01,0.01,0.01,0.01,56,8,30,,,,117544,0.93465905
K7_R1_2,lock,insert,0.04,0.01,0.01,0.01,0.01,56,8,30,,,,117656,0.91603881
K7_R1_2,lock,insert,0.045,0.01,0.01,0.01,0.01,56,8,30,,,,118104,0.90035143
K7_R1_2,lock,insert,0.05,0.01,0.01,0.01,0.01,56,8,30,,,,119336,0.88020544
K7_R1_2,lock,insert,0.0567,0.01,0.01,0.01,0.01,56,8,30,,,,119896,0.86132076
K7_R1_2,lock,insert,0.0633,0.01,0.01,0.01,0.01,56,8,30,,,,121128,0.83888488
K7_R1_2,lock,insert,0.07,0.01,0.01,0.01,0.01,56,8,30,,,,122640,0.82147899
K7_R1_2,lock,insert,0.0767,0.01,0.01,0.01,0.01,56,8,30,,,,123966,0.80103695
K7_R1_2,lock,insert,0.0833,0.01,0.01,0.01,0.01,56,8,30,,,,124920,0.78930865
K7_R1_2,lock,insert,0.09,0.01,0.01,0.01,0.01,56,8,30,,,,125820,0.77291559
K7_R1_2,lock,insert,0.1,0.01,0.01,0.01,0.01,56,8,30,,,,125820,0.75756805
K7_R1_2,lock,insert,0.11,0.01,0.01,0.01,0.01,56,8,30,,,,125820,0.74366137
K7_R1_2,lock,insert,0.12,0.01,0.01,0.01,0.01,56,8,30,,,,125820,0.73180377
K7_R1_2,lock,insert,0.1333,0.01,0.01,0.01,0.01,56,8,30,,,,125820,0.7220917
K7_R1_2,lock,insert,0.1467,0.01,0.01,0.01,0.01,56,8,30,,,,125820,0.71404767
K7_R1_2,lock,insert,0.16,0.01,0.01,0.01,0.01,56,8,30,,,,125820,0.70840974
K7_R1_2,lock,insert,0.1733,0.01,0.01,0.01,0.01,56,8,30,,,,125820,0.70215052
K7_R1_2,lock,insert,0.1867,0.01,0.01,0.01,0.01,56,8,30,,,,125820,0.70026282
K7_R1_2,lock,insert,0.2,0.01,0.01,0.01,0.01,56,8,30,,,,125820,0.69806956
K7_R1_2,lock,insert,0.22,0.01,0.01,0.01,0.01,56,8,30,,,,125820,0.69502809
K7_R1_2,lock,insert,0.24,0.01,0.01,0.01,0.01,56,8,30,,,,125820,0.69397101
K7_R1_2,lock,insert,0.26,0.01,0.01,0.01,0.01,56,8,30,,,,125820,0.69320057
K7_R1_2,lock,insert,0.29,0.01,0.01,0.01,0.01,56,8,30,,,,125820,0.69169014
K7_R1_2,lock,insert,0.32,0.01,0.01,0.01,0.01,56,8,30,,,,125820,0.69181937
K7_R1_2,lock,insert,0.35,0.01,0.01,0.01,0.01,56,8,30,,,,125820,0.691357
K7_R1_2,lock,insert,0.4167,0.01,0.01,0.01,0.01,56,8,30,,,,125820,0.69164538
K7_R1_2,lock,insert,0.4833,0.01,0.01,0.01,0.01,56,8,30,,,,125820,0.69139947
K7_R1_2,lock,insert,0.55,0.01,0.01,0.01,0.01,56,8,30,,,,125820,0.69211558
K7_R1_2,lock,insert,0.6333,0.01,0.01,0.01,0.01,56,8,30,,,,125820,0.69113477
K7_R1_2,lock,insert,0.7167,0.01,0.01,0.01,0.01,56,8,30,,,,125820,0.69148193
K7_R1_2,lock,insert,0.8,0.01,0.01,0.01,0.01,56,8,30,,,,125820,0.69118091
K7_R1_2,lock,insert,0.8667,0.01,0.01,0.01,0.01,56,8,30,,,,125820,0.69181845
K7_R1_2,lock,insert,0.9333,0.01,0.01,0.01,0.01,56,8,30,,,,125820,0.69078069
K7_R1_2,lock,insert,1,0.01,0.01,0.01,0.01,56,8,30,,,,125820,0.6914754
K7_R1_2,lock,delete,0,0.01,0.01,0.01,0.01,56,8,30,,,,115920,0.9998858
K7_R1_2,lock,delete,0.0033,0.01,0.01,0.01,0.01,56,8,30,,,,115920,0.99952871
K7_R1_2,lock,delete,0.0067,0.01,0.01,0.01,0.01,56,8,30,,,,115920,0.997935
K7_R1_2,lock,delete,0.01,0.01,0.01,0.01,0.01,56,8,30,,,,115920,0.99581725
K7_R1_2,lock,delete,0.0133,0.01,0.01,0.01,0.01,56,8,30,,,,115920,0.99116466
K7_R1_2,lock,delete,0.0167,0.01,0.01,0.01,0.01,56,8,30,,,,115920,0.98418944
K7_R1_2,lock,delete,0.02,0.01,0.01,0.01,0.01,56,8,30,,,,115920,0.97898857
K7_R1_2,lock,delete,0.025,0.01,0.01,0.01,0.01,56,8,30,,,,115920,0.96723563
K7_R1_2,lock,delete,0.03,0.01,0.01,0.01,0.01,56,8,30,,,,115920,0.95177463
K7_R1_2,lock,delete,0.035,0.01,0.01,0.01,0.01,56,8,30,,,,115920,0.93648103
K7_R1_2,lock,delete,0.04,0.01,0.01,0.01,0.01,56,8,30,,,,115696,0.92046574
K7_R1_2,lock,delete,0.045,0.01,0.01,0.01,0.01,56,8,30,,,,114632,0.90544237
K7_R1_2,lock,delete,0.05,0.01,0.01,0.01,0.01,56,8,30,,,,114352,0.8874919
K7_R1_2,lock,delete,0.0567,0.01,0.01,0.01,0.01,56,8,30,,,,114184,0.86650053
K7_R1_2,lock,delete,0.0633,0.01,0.01,0.01,0.01,56,8,30,,,,113848,0.84805323
K7_R1_2,lock,delete,0.07,0.01,0.01,0.01,0.01,56,8,30,,,,112784,0.82919263
K7_R1_2,lock,delete,0.0767,0.01,0.01,0.01,0.01,56,8,30,,,,112056,0.80930491
K7_R1_2,lock,delete,0.0833,0.01,0.01,0.01,0.01,56,8,30,,,,111328,0.79611219
K7_R1_2,lock,delete,0.09,0.01,0.01,0.01,0.01,56,8,30,,,,110320,0.78094142
K7_R1_2,lock,delete,0.1,0.01,0.01,0.01,0.01,56,8,30,,,,109088,0.76538818
K7_R1_2,lock,delete,0.11,0.01,0.01,0.01,0.01,56,8,30,,,,107632,0.75076565
K7_R1_2,lock,delete,0.12,0.01,0.01,0.01,0.01,56,8,30,,,,105952,0.74013168
K7_R1_2,lock,delete,0.1333,0.01,0.01,0.01,0.01,56,8,30,,,,103880,0.72613875
K7_R1_2,lock,delete,0.1467,0.01,0.01,0.01,0.01,56,8,30,,,,101976,0.71689367
K7_R1_2,lock,delete,0.16,0.01,0.01,0.01,0.01,56,8,30,,,,100184,0.70967783
K7_R1_2,lock,delete,0.1733,0.01,0.01,0.01,0.01,56,8,30,,,,98448,0.70504926
K7_R1_2,lock,delete,0.1867,0.01,0.01,0.01,0.01,56,8,30,,,,96488,0.70196337
K7_R1_2,lock,delete,0.2,0.01,0.01,0.01,0.01,56,8,30,,,,94696,0.699554
K7_R1_2,lock,delete,0.2333,0.01,0.01,0.01,0.01,56,8,30,,,,91112,0.6953023
K7_R1_2,lock,delete,0.2667,0.01,0.01,0.01,0.01,56,8,30,,,,86632,0.69176496
K7_R1_2,lock,delete,0.3,0.01,0.01,0.01,0.01,56,8,30,,,,82488,0.69193935
K7_R1_2,lock,delete,0.3667,0.01,0.01,0.01,0.01,56,8,30,,,,74200,0.6912544
K7_R1_2,lock,delete,0.4333,0.01,0.01,0.01,0.01,56,8,30,,,,66024,0.69134724
K7_R1_2,lock,delete,0.5,0.01,0.01,0.01,0.01,56,8,30,,,,57624,0.69094195
K7_R1_2,lock,delete,0.6,0.01,0.01,0.01,0.01,56,8,30,,,,45360,0.69027412
K7_R1_2,lock,delete,0.7,0.01,0.01,0.01,0.01,56,8,30,,,,32816,0.68890523
K7_R1_2,lock,delete,0.8,0.01,0.01,0.01,0.01,56,8,30,,,,20384,0.68906092
K7_R1_2,lock,delete,0.8333,0.01,0.01,0.01,0.01,56,8,30,,,,16576,0.6876543
K7_R1_2,lock,delete,0.8667,0.01,0.01,0.01,0.01,56,8,30,,,,12208,0.68670544
K7_R1_2,lock,delete,0.9,0.01,0.01,0.01,0.01,56,8,30,,,,8120,0.68165704
K7_R1_2,lock,delete,0.9167,0.01,0.01,0.01,0.01,56,8,30,,,,6216,0.68001727
K7_R1_2,lock,delete,0.9333,0.01,0.01,0.01,0.01,56,8,30,,,,3696,0.67417906
K7_R1_2,lock,delete,0.95,0.01,0.01,0.01,0.01,56,8,30,,,,1680,0.65947948
K7_R1_2,lock,delete,0.9667,0.01,0.01,0.01,0.01,56,8,30,,,,0,0
K7_R1_2,lock,delete,1,0.01,0.01,0.01,0.01,56,8,30,,,,0,0
K7_R1_2,lock,delete,0.9833,0.01,0.01,0.01,0.01,56,8,30,,,,0,0
K7_R1_2,lock,erase,0,0.01,0.01,0.01,0.01,56,8,30,,,,115920,0.9998858
K7_R1_2,lock,erase,0.0067,0.01,0.01,0.01,0.01,56,8,30,,,,115920,0.99794447
K7_R1_2,lock,erase,0.0133,0.01,0.01,0.01,0.01,56,8,30,,,,115920,0.99092609
K7_R1_2,lock,erase,0.02,0.01,0.01,0.01,0.01,56,8,30,,,,115920,0.97720104
K7_R1_2,lock,erase,0.0267,0.01,0.01,0.01,0.01,56,8,30,,,,115920,0.96021425
K7_R1_2,lock,erase,0.0333,0.01,0.01,0.01,0.01,56,8,30,,,,115920,0.93766733
K7_R1_2,lock,erase,0.04,0.01,0.01,0.01,0.01,56,8,30,,,,115920,0.91417649
K7_R1_2,lock,erase,0.05,0.01,0.01,0.01,0.01,56,8,30,,,,115920,0.87001104
K7_R1_2,lock,erase,0.06,0.01,0.01,0.01,0.01,56,8,30,,,,115920,0.83425668
K7_R1_2,lock,erase,0.07,0.01,0.01,0.01,0.01,56,8,30,,,,115920,0.7891003
K7_R1_2,lock,erase,0.08,0.01,0.01,0.01,0.01,56,8,30,,,,115920,0.75317638
K7_R1_2,lock,erase,0.09,0.01,0.01,0.01,0.01,56,8,30,,,,115920,0.71222371
K7_R1_2,lock,erase,0.1,0.01,0.01,0.01,0.01,56,8,30,,,,115920,0.67039954
K7_R1_2,lock,erase,0.11,0.01,0.01,0.01,0.01,56,8,30,,,,115920,0.62992234
K7_R1_2,lock,erase,0.12,0.01,0.01,0.01,0.01,56,8,30,,,,115920,0.58876535
K7_R1_2,lock,erase,0.13,0.01,0.01,0.01,0.01,56,8,30,,,,115920,0.54369264
K7_R1_2,lock,erase,0.14,0.01,0.01,0.01,0.01,56,8,30,,,,115920,0.50425984
K7_R1_2,lock,erase,0.15,0.01,0.01,0.01,0.01,56,8,30,,,,115920,0.45857617
K7_R1_2,lock,erase,0.16,0.01,0.01,0.01,0.01,56,8,30,,,,115920,0.4104106
K7_R1_2,lock,erase,0.17,0.01,0.01,0.01,0.01,56,8,30,,,,115920,0.36491936
K7_R1_2,lock,erase,0.18,0.01,0.01,0.01,0.01,56,8,30,,,,115920,0.33447643
K7_R1_2,lock,erase,0.19,0.01,0.01,0.01,0.01,56,8,30,,,,115920,0.28562458
K7_R1_2,lock,erase,0.2,0.01,0.01,0.01,0.01,56,8,30,,,,115920,0.25171652
K7_R1_2,lock,erase,0.21,0.01,0.01,0.01,0.01,56,8,30,,,,115920,0.2132249
K7_R1_2,lock,erase,0.22,0.01,0.01,0.01,0.01,56,8,30,,,,115920,0.17927592
K7_R1_2,lock,erase,0.2333,0.01,0.01,0.01,0.01,56,8,30,,,,115920,0.14106043
K7_R1_2,lock,erase,0.2467,0.01,0.01,0.01,0.01,56,8,30,,,,115920,0.10357525
K7_R1_2,lock,erase,0.26,0.01,0.01,0.01,0.01,56,8,30,,,,115920,0.073224746
K7_R1_2,lock,erase,0.2733,0.01,0.01,0.01,0.01,56,8,30,,,,115920,0.050489647
K7_R1_2,lock,erase,0.2867,0.01,0.01,0.01,0.01,56,8,30,,,,115920,0.0313748
K7_R1_2,lock,erase,0.3,0.01,0.01,0.01,0.01,56,8,30,,,,115920,0.0176736
K7_R1_2,lock,erase,0.32,0.01,0.01,0.01,0.01,56,8,30,,,,115920,0.0072202822
K7_R1_2,lock,erase,0.34,0.01,0.01,0.01,0.01,56,8,30,,,,115920,0.0023920008
K7_R1_2,lock,erase,0.36,0.01,0.01,0.01,0.01,56,8,30,,,,115920,0.00077204033
K7_R1_2,lock,erase,0.4067,0.01,0.01,0.01,0.01,56,8,30,,,,115920,1.3987422e-05
K7_R1_2,lock,erase,0.4533,0.01,0.01,0.01,0.01,56,8,30,,,,115920,2.7386222e-07
K7_R1_2,lock,erase,0.5,0.01,0.01,0.01,0.01,56,8,30,,,,115920,0
K7_R1_2,lock,erase,0.6667,0.01,0.01,0.01,0.01,56,8,30,,,,115920,0
K7_R1_2,lock,erase,0.8333,0.01,0.01,0.01,0.01,56,8,30,,,,121632,0
K7_R1_2,lock,erase,1,0.01,0.01,0.01,0.01,56,8,30,,,,125820,0
K7_R1_3,edit,flip,0,0.01,0.01,0.01,0.01,56,8,30,118320,0,0,,
K7_R1_3,edit,flip,0.0033,0.01,0.01,0.01,0.01,56,8,30,118320,0,0,,
K7_R1_3,edit,flip,0.0067,0.01,0.01,0.01,0.01,56,8,30,118320,2,1.6903313e-05,,
K7_R1_3,edit,flip,0.01,0.01,0.01,0.01,0.01,56,8,30,118320,12,0.00010141988,,
K7_R1_3,edit,flip,0.0133,0.01,0.01,0.01,0.01,56,8,30,118320,39,0.0003296146,,
K7_R1_3,edit,flip,0.0167,0.01,0.01,0.01,0.01,56,8,30,118320,82,0.00069303584,,
K7_R1_3,edit,flip,0.02,0.01,0.01,0.01,0.01,56,8,30,118320,84,0.00070993915,,
K7_R1_3,edit,flip,0.025,0.01,0.01,0.01,0.01,56,8,30,118320,209,0.0017663962,,
K7_R1_3,edit,flip,0.03,0.01,0.01,0.01,0.01,56,8,30,118320,329,0.002780595,,
K7_R1_3,edit,flip,0.035,0.01,0.01,0.01,0.01,56,8,30,118320,401,0.0033891143,,
K7_R1_3,edit,flip,0.04,0.01,0.01,0.01,0.01,56,8,30,118320,638,0.0053921569,,
K7_R1_3,edit,flip,0.045,0.01,0.01,0.01,0.01,56,8,30,118320,777,0.0065669371,,
K7_R1_3,edit,flip,0.05,0.01,0.01,0.01,0.01,56,8,30,118320,988,0.0083502366,,
K7_R1_3,edit,flip,0.0567,0.01,0.01,0.01,0.01,56,8,30,118320,1298,0.01097025,,
K7_R1_3,edit,flip,0.0633,0.01,0.01,0.01,0.01,56,8,30,118320,1799,0.01520453,,
K7_R1_3,edit,flip,0.07,0.01,0.01,0.01,0.01,56,8,30,118320,2330,0.01969236,,
K7_R1_3,edit,flip,0.0767,0.01,0.01,0.01,0.01,56,8,30,118320,2802,0.023681542,,
K7_R1_3,edit,flip,0.0833,0.01,0.01,0.01,0.01,56,8,30,118320,3885,0.032834686,,
K7_R1_3,edit,flip,0.09,0.01,0.01,0.01,0.01,56,8,30,118320,4799,0.0405595,,
K7_R1_3,edit,flip,0.1,0.01,0.01,0.01,0.01,56,8,30,118320,7161,0.060522312,,
K7_R1_3,edit,flip,0.11,0.01,0.01,0.01,0.01,56,8,30,118320,9765,0.082530426,,
K7_R1_3,edit,flip,0.12,0.01,0.01,0.01,0.01,56,8,30,118320,13179,0.11138438,,
K7_R1_3,edit,flip,0.1333,0.01,0.01,0.01,0.01,56,8,30,118320,19604,0.16568627,,
K7_R1_3,edit,flip,0.1467,0.01,0.01,0.01,0.01,56,8,30,118320,25084,0.21200135,,
K7_R1_3,edit,flip,0.16,0.01,0.01,0.01,0.01,56,8,30,118320,32898,0.2780426,,
K7_R1_3,edit,flip,0.1733,0.01,0.01,0.01,0.01,56,8,30,118320,39110,0.33054429,,
K7_R1_3,edit,flip,0.1867,0.01,0.01,0.01,0.01,56,8,30,118320,44227,0.37379141,,
K7_R1_3,edit,flip,0.2,0.01,0.01,0.01,0.01,56,8,30,118320,47975,0.40546822,,
K7_R1_3,edit,flip,0.2167,0.01,0.01,0.01,0.01,56,8,30,118320,51771,0.43755071,,
K7_R1_3,edit,flip,0.2333,0.01,0.01,0.01,0.01,56,8,30,118320,54266,0.45863759,,
K7_R1_3,edit,flip,0.25,0.01,0.01,0.01,0.01,56,8,30,118320,54777,0.46295639,,
K7_R1_3,edit,insert,0,0.01,0.01,0.01,0.01,56,8,30,118320,0,0,,
K7_R1_3,edit,insert,0.0017,0.01,0.01,0.01,0.01,56,8,30,118320,48,0.00040567951,,
K7_R1_3,edit,insert,0.0033,0.01,0.01,0.01,0.01,56,8,30,118320,127,0.0010733604,,
K7_R1_3,edit,insert,0.005,0.01,0.01,0.01,0.01,56,8,30,118320,76,0.0006423259,,
K7_R1_3,edit,insert,0.0067,0.01,0.01,0.01,0.01,56,8,30,118320,101,0.00085361731,,
K7_R1_3,edit,insert,0.0083,0.01,0.01,0.01,0.01,56,8,30,118320,173,0.0014621366,,
K7_R1_3,edit,insert,0.01,0.01,0.01,0.01,0.01,56,8,30,118320,222,0.0018762677,,
K7_R1_3,edit,insert,0.0133,0.01,0.01,0.01,0.01,56,8,30,118320,311,0.0026284652,,
K7_R1_3,edit,insert,0.0167,0.01,0.01,0.01,0.01,56,8,30,118320,402,0.0033975659,,
K7_R1_3,edit,insert,0.02,0.01,0.01,0.01,0.01,56,8,30,118320,635,0.0053668019,,
K7_R1_3,edit,insert,0.025,0.01,0.01,0.01,0.01,56,8,30,118320,630,0.0053245436,,
K7_R1_3,edit,insert,0.03,0.01,0.01,0.01,0.01,56,8,30,118320,932,0.0078769439,,
K7_R1_3,edit,insert,0.035,0.01,0.01,0.01,0.01,56,8,30,118320,1228,0.010378634,,
K7_R1_3,edit,insert,0.04,0.01,0.01,0.01,0.01,56,8,30,118320,1585,0.013395876,,
K7_R1_3,edit,insert,0.045,0.01,0.01,0.01,0.01,56,8,30,118320,1874,0.015838404,,
K7_R1_3,edit,insert,0.05,0.01,0.01,0.01,0.01,56,8,30,118320,2317,0.019582488,,
K7_R1_3,edit,insert,0.0567,0.01,0.01,0.01,0.01,56,8,30,118320,2994,0.02530426,,
K7_R1_3,edit,insert,0.0633,0.01,0.01,0.01,0.01,56,8,30,118320,3884,0.032826234,,
K7_R1_3,edit,insert,0.07,0.01,0.01,0.01,0.01,56,8,30,118320,5033,0.042537187,,
K7_R1_3,edit,insert,0.08,0.01,0.01,0.01,0.01,56,8,30,118320,7121,0.060184246,,
K7_R1_3,edit,insert,0.09,0.01,0.01,0.01,0.01,56,8,30,118320,9402,0.079462475,,
K7_R1_3,edit,insert,0.1,0.01,0.01,0.01,0.01,56,8,30,118320,13223,0.11175625,,
K7_R1_3,edit,insert,0.1133,0.01,0.01,0.01,0.01,56,8,30,118320,18750,0.15846856,,
K7_R1_3,edit,insert,0.1267,0.01,0.01,0.01,0.01,56,8,30,118320,24450,0.206643,,
K7_R1_3,edit,insert,0.14,0.01,0.01,0.01,0.01,56,8,30,118320,29099,0.24593475,,
K7_R1_3,edit,insert,0.16,0.01,0.01,0.01,0.01,56,8,30,118320,36022,0.30444557,,
K7_R1_3,edit,insert,0.18,0.01,0.01,0.01,0.01,56,8,30,118320,40709,0.34405849,,
K7_R1_3,edit,insert,0.2,0.01,0.01,0.01,0.01,56,8,30,118320,44687,0.37767918,,
K7_R1_3,edit,insert,0.2167,0.01,0.01,0.01,0.01,56,8,30,118320,47739,0.40347363,,
K7_R1_3,edit,insert,0.2333,0.01,0.01,0.01,0.01,56,8,30,118320,50057,0.42306457,,
K7_R1_3,edit,insert,0.25,0.01,0.01,0.01,0.01,56,8,30,118320,50453,0.42641143,,
K7_R1_3,edit,delete,0,0.01,0.01,0.01,0.01,56,8,30,118320,0,0,,
K7_R1_3,edit,delete,0.0033,0.01,0.01,0.01,0.01,56,8,30,118320,30,0.0002535497,,
K7_R1_3,edit,delete,0.0067,0.01,0.01,0.01,0.01,56,8,30,118320,32,0.00027045301,,
K7_R1_3,edit,delete,0.01,0.01,0.01,0.01,0.01,56,8,30,118320,44,0.00037187289,,
K7_R1_3,edit,delete,0.0133,0.01,0.01,0.01,0.01,56,8,30,118320,47,0.00039722786,,
K7_R1_3,edit,delete,0.0167,0.01,0.01,0.01,0.01,56,8,30,118320,115,0.0009719405,,
K7_R1_3,edit,delete,0.02,0.01,0.01,0.01,0.01,56,8,30,118320,90,0.00076064909,,
K7_R1_3,edit,delete,0.0233,0.01,0.01,0.01,0.01,56,8,30,118320,242,0.0020453009,,
K7_R1_3,edit,delete,0.0267,0.01,0.01,0.01,0.01,56,8,30,118320,218,0.0018424611,,
K7_R1_3,edit,delete,0.03,0.01,0.01,0.01,0.01,56,8,30,118320,318,0.0026876268,,
K7_R1_3,edit,delete,0.0367,0.01,0.01,0.01,0.01,56,8,30,118320,700,0.0059161596,,
K7_R1_3,edit,delete,0.0433,0.01,0.01,0.01,0.01,56,8,30,118320,1142,0.0096517918,,
K7_R1_3,edit,delete,0.05,0.01,0.01,0.01,0.01,56,8,30,118320,1649,0.013936782,,
K7_R1_3,edit,delete,0.0567,0.01,0.01,0.01,0.01,56,8,30,118320,1972,0.016666667,,
K7_R1_3,edit,delete,0.0633,0.01,0.01,0.01,0.01,56,8,30,118320,2466,0.020841785,,
K7_R1_3,edit,delete,0.07,0.01,0.01,0.01,0.01,56,8,30,118320,3042,0.025709939,,
K7_R1_3,edit,delete,0.0767,0.01,0.01,0.01,0.01,56,8,30,118320,3850,0.032538878,,
K7_R1_3,edit,delete,0.0833,0.01,0.01,0.01,0.01,56,8,30,118320,4536,0.038336714,,
K7_R1_3,edit,delete,0.09,0.01,0.01,0.01,0.01,56,8,30,118320,5341,0.045140297,,
K7_R1_3,edit,delete,0.1,0.01,0.01,0.01,0.01,56,8,30,118320,7085,0.059879986,,
K7_R1_3,edit,delete,0.11,0.01,0.01,0.01,0.01,56,8,30,118320,9087,0.076800203,,
K7_R1_3,edit,delete,0.12,0.01,0.01,0.01,0.01,56,8,30,118320,11908,0.10064233,,
K7_R1_3,edit,delete,0.1333,0.01,0.01,0.01,0.01,56,8,30,118320,15659,0.13234449,,
K7_R1_3,edit,delete,0.1467,0.01,0.01,0.01,0.01,56,8,30,118320,19959,0.16868661,,
K7_R1_3,edit,delete,0.16,0.01,0.01,0.01,0.01,56,8,30,118320,24788,0.20949966,,
K7_R1_3,edit,delete,0.1733,0.01,0.01,0.01,0.01,56,8,30,118320,29160,0.2464503,,
K7_R1_3,edit,delete,0.1867,0.01,0.01,0.01,0.01,56,8,30,118320,34096,0.28816768,,
K7_R1_3,edit,delete,0.2,0.01,0.01,0.01,0.01,56,8,30,118320,38621,0.32641143,,
K7_R1_3,edit,delete,0.2167,0.01,0.01,0.01,0.01,56,8,30,118320,42920,0.3627451,,
K7_R1_3,edit,delete,0.2333,0.01,0.01,0.01,0.01,56,8,30,118320,47026,0.3974476,,
K7_R1_3,edit,delete,0.25,0.01,0.01,0.01,0.01,56,8,30,118320,49972,0.42234618,,
K7_R1_3,edit,erase,0,0.01,0.01,0.01,0.01,56,8,30,118320,0,0,,
K7_R1_3,edit,erase,0.0667,0.01,0.01,0.01,0.01,56,8,30,118320,52,0.00043948614,,
K7_R1_3,edit,erase,0.1333,0.01,0.01,0.01,0.01,56,8,30,118320,43746,0.36972617,,
K7_R1_3,edit,erase,0.2,0.01,0.01,0.01,0.01,56,8,30,118320,115540,0.97650439,,
K7_R1_3,edit,erase,0.25,0.01,0.01,0.01,0.01,56,8,30,118320,118333,1.0001099,,
K7_R1_3,edit,erase,0.3,0.01,0.01,0.01,0.01,56,8,30,118320,118349,1.0002451,,
K7_R1_3,edit,erase,0.35,0.01,0.01,0.01,0.01,56,8,30,118320,118350,1.0002535,,
K7_R1_3,edit,erase,0.3833,0.01,0.01,0.01,0.01,56,8,30,118320,118350,1.0002535,,
K7_R1_3,edit,erase,0.4167,0.01,0.01,0.01,0.01,56,8,30,118320,118350,1.0002535,,
K7_R1_3,edit,erase,0.45,0.01,0.01,0.01,0.01,56,8,30,118320,118350,1.0002535,,
K7_R1_3,edit,erase,0.4833,0.01,0.01,0.01,0.01,56,8,30,118320,118350,1.0002535,,
K7_R1_3,edit,erase,0.5167,0.01,0.01,0.01,0.01,56,8,30,118320,118350,1.0002535,,
K7_R1_3,edit,erase,0.55,0.01,0.01,0.01,0.01,56,8,30,118320,118350,1.0002535,,
K7_R1_3,edit,erase,0.5733,0.01,0.01,0.01,0.01,56,8,30,118320,118350,1.0002535,,
K7_R1_3,edit,erase,0.5967,0.01,0.01,0.01,0.01,56,8,30,118320,118351,1.000262,,
K7_R1_3,edit,erase,0.62,0.01,0.01,0.01,0.01,56,8,30,118320,118352,1.0002705,,
K7_R1_3,edit,erase,0.6467,0.01,0.01,0.01,0.01,56,8,30,118320,118356,1.0003043,,
K7_R1_3,edit,erase,0.6733,0.01,0.01,0.01,0.01,56,8,30,118320,118365,1.0003803,,
K7_R1_3,edit,erase,0.7,0.01,0.01,0.01,0.01,56,8,30,118320,118389,1.0005832,,
K7_R1_3,edit,erase,0.7267,0.01,0.01,0.01,0.01,56,8,30,118320,118425,1.0008874,,
K7_R1_3,edit,erase,0.7533,0.01,0.01,0.01,0.01,56,8,30,118320,118489,1.0014283,,
K7_R1_3,edit,erase,0.78,0.01,0.01,0.01,0.01,56,8,30,118320,118681,1.003051,,
K7_R1_3,edit,erase,0.8033,0.01,0.01,0.01,0.01,56,8,30,118320,118979,1.0055696,,
K7_R1_3,edit,erase,0.8267,0.01,0.01,0.01,0.01,56,8,30,118320,119669,1.0114013,,
K7_R1_3,edit,erase,0.85,0.01,0.01,0.01,0.01,56,8,30,118320,120732,1.0203854,,
K7_R1_3,edit,erase,0.8733,0.01,0.01,0.01,0.01,56,8,30,118320,122878,1.0385227,,
K7_R1_3,edit,erase,0.8967,0.01,0.01,0.01,0.01,56,8,30,118320,125614,1.0616464,,
K7_R1_3,edit,erase,0.92,0.01,0.01,0.01,0.01,56,8,30,118320,125820,1.0633874,,
K7_R1_3,lock,flip,0,0.01,0.01,0.01,0.01,56,8,30,,,,115920,0.9998858
K7_R1_3,lock,flip,0.0033,0.01,0.01,0.01,0.01,56,8,30,,,,115920,0.99968532
K7_R1_3,lock,flip,0.0067,0.01,0.01,0.01,0.01,56,8,30,,,,115920,0.99892395
K7_R1_3,lock,flip,0.01,0.01,0.01,0.01,0.01,56,8,30,,,,115920,0.99723344
K7_R1_3,lock,flip,0.0133,0.01,0.01,0.01,0.01,56,8,30,,,,115920,0.99328044
K7_R1_3,lock,flip,0.0167,0.01,0.01,0.01,0.01,56,8,30,,,,115920,0.98821912
K7_R1_3,lock,flip,0.02,0.01,0.01,0.01,0.01,56,8,30,,,,115920,0.98071313
K7_R1_3,lock,flip,0.025,0.01,0.01,0.01,0.01,56,8,30,,,,115920,0.96745885
K7_R1_3,lock,flip,0.03,0.01,0.01,0.01,0.01,56,8,30,,,,115920,0.95353671
K7_R1_3,lock,flip,0.035,0.01,0.01,0.01,0.01,56,8,30,,,,115920,0.93393212
K7_R1_3,lock,flip,0.04,0.01,0.01,0.01,0.01,56,8,30,,,,115920,0.91763022
K7_R1_3,lock,flip,0.045,0.01,0.01,0.01,0.01,56,8,30,,,,115920,0.896967
K7_R1_3,lock,flip,0.05,0.01,0.01,0.01,0.01,56,8,30,,,,115920,0.87659322
K7_R1_3,lock,flip,0.0567,0.01,0.01,0.01,0.01,56,8,30,,,,115920,0.85129398
K7_R1_3,lock,flip,0.0633,0.01,0.01,0.01,0.01,56,8,30,,,,115920,0.82349682
K7_R1_3,lock,flip,0.07,0.01,0.01,0.01,0.01,56,8,30,,,,115920,0.79668131
K7_R1_3,lock,flip,0.0767,0.01,0.01,0.01,0.01,56,8,30,,,,115920,0.76949585
K7_R1_3,lock,flip,0.0833,0.01,0.01,0.01,0.01,56,8,30,,,,116032,0.74699676
K7_R1_3,lock,flip,0.09,0.01,0.01,0.01,0.01,56,8,30,,,,116312,0.7220335
K7_R1_3,lock,flip,0.1,0.01,0.01,0.01,0.01,56,8,30,,,,117432,0.68561317
K7_R1_3,lock,flip,0.11,0.01,0.01,0.01,0.01,56,8,30,,,,117600,0.65699872
K7_R1_3,lock,flip,0.12,0.01,0.01,0.01,0.01,56,8,30,,,,117656,0.63053502
K7_R1_3,lock,flip,0.1333,0.01,0.01,0.01,0.01,56,8,30,,,,118888,0.59794012
K7_R1_3,lock,flip,0.1467,0.01,0.01,0.01,0.01,56,8,30,,,,119280,0.57426923
K7_R1_3,lock,flip,0.16,0.01,0.01,0.01,0.01,56,8,30,,,,119448,0.55612319
K7_R1_3,lock,flip,0.1733,0.01,0.01,0.01,0.01,56,8,30,,,,120456,0.54494976
K7_R1_3,lock,flip,0.1867,0.01,0.01,0.01,0.01,56,8,30,,,,120848,0.53636196
K7_R1_3,lock,flip,0.2,0.01,0.01,0.01,0.01,56,8,30,,,,120960,0.52879132
K7_R1_3,lock,flip,0.2167,0.01,0.01,0.01,0.01,56,8,30,,,,120960,0.52433468
K7_R1_3,lock,flip,0.2333,0.01,0.01,0.01,0.01,56,8,30,,,,120960,0.52143342
K7_R1_3,lock,flip,0.25,0.01,0.01,0.01,0.01,56,8,30,,,,121016,0.51996664
K7_R1_3,lock,flip,0.2833,0.01,0.01,0.01,0.01,56,8,30,,,,120960,0.51959804
K7_R1_3,lock,flip,0.3167,0.01,0.01,0.01,0.01,56,8,30,,,,121016,0.51725982
K7_R1_3,lock,flip,0.35,0.01,0.01,0.01,0.01,56,8,30,,,,120960,0.51759074
K7_R1_3,lock,flip,0.4167,0.01,0.01,0.01,0.01,56,8,30,,,,121016,0.51724867
K7_R1_3,lock,flip,0.4833,0.01,0.01,0.01,0.01,56,8,30,,,,121016,0.51708566
K7_R1_3,lock,flip,0.55,0.01,0.01,0.01,0.01,56,8,30,,,,120960,0.51736905
K7_R1_3,lock,flip,0.6333,0.01,0.01,0.01,0.01,56,8,30,,,,121072,0.51711055
K7_R1_3,lock,flip,0.7167,0.01,0.01,0.01,0.01,56,8,30,,,,120960,0.51652736
K7_R1_3,lock,flip,0.8,0.01,0.01,0.01,0.01,56,8,30,,,,120960,0.51386444
K7_R1_3,lock,flip,0.8667,0.01,0.01,0.01,0.01,56,8,30,,,,121072,0.51135617
K7_R1_3,lock,flip,0.9333,0.01,0.01,0.01,0.01,56,8,30,,,,121184,0.50547954
K7_R1_3,lock,flip,1,0.01,0.01,0.01,0.01,56,8,30,,,,121520,0.49633841
K7_R1_3,lock,insert,0,0.01,0.01,0.01,0.01,56,8,30,,,,115920,0.9998858
K7_R1_3,lock,insert,0.0033,0.01,0.01,0.01,0.01,56,8,30,,,,115920,0.99967652
K7_R1_3,lock,insert,0.0067,0.01,0.01,0.01,0.01,56,8,30,,,,115920,0.99892731
K7_R1_3,lock,insert,0.01,0.01,0.01,0.01,0.01,56,8,30,,,,115920,0.99705307
K7_R1_3,lock,insert,0.0133,0.01,0.01,0.01,0.01,56,8,30,,,,115920,0.99311025
K7_R1_3,lock,insert,0.0167,0.01,0.01,0.01,0.01,56,8,30,,,,115920,0.98830528
K7_R1_3,lock,insert,0.02,0.01,0.01,0.01,0.01,56,8,30,,,,115920,0.9797288
K7_R1_3,lock,insert,0.025,0.01,0.01,0.01,0.01,56,8,30,,,,115920,0.96770476
K7_R1_3,lock,insert,0.03,0.01,0.01,0.01,0.01,56,8,30,,,,115920,0.95219206
K7_R1_3,lock,insert,0.035,0.01,0.01,0.01,0.01,56,8,30,,,,115920,0.93326728
K7_R1_3,lock,insert,0.04,0.01,0.01,0.01,0.01,56,8,30,,,,115976,0.91462096
K7_R1_3,lock,insert,0.045,0.01,0.01,0.01,0.01,56,8,30,,,,116704,0.89192494
K7_R1_3,lock,insert,0.05,0.01,0.01,0.01,0.01,56,8,30,,,,117376,0.87232108
K7_R1_3,lock,insert,0.0567,0.01,0.01,0.01,0.01,56,8,30,,,,117600,0.84981192
K7_R1_3,lock,insert,0.0633,0.01,0.01,0.01,0.01,56,8,30,,,,118496,0.81809458
K7_R1_3,lock,insert,0.07,0.01,0.01,0.01,0.01,56,8,30,,,,119280,0.79032426
K7_R1_3,lock,insert,0.0767,0.01,0.01,0.01,0.01,56,8,30,,,,120232,0.7678479
K7_R1_3,lock,insert,0.0833,0.01,0.01,0.01,0.01,56,8,30,,,,121520,0.74129925
K7_R1_3,lock,insert,0.09,0.01,0.01,0.01,0.01,56,8,30,,,,122416,0.72051703
K7_R1_3,lock,insert,0.1,0.01,0.01,0.01,0.01,56,8,30,,,,124414,0.68682501
K7_R1_3,lock,insert,0.11,0.01,0.01,0.01,0.01,56,8,30,,,,125770,0.65637552
K7_R1_3,lock,insert,0.12,0.01,0.01,0.01,0.01,56,8,30,,,,125820,0.63306354
K7_R1_3,lock,insert,0.1333,0.01,0.01,0.01,0.01,56,8,30,,,,125820,0.60693175
K7_R1_3,lock,insert,0.1467,0.01,0.01,0.01,0.01,56,8,30,,,,125820,0.58627763
K7_R1_3,lock,insert,0.16,0.01,0.01,0.01,0.01,56,8,30,,,,125820,0.56979777
K7_R1_3,lock,insert,0.1733,0.01,0.01,0.01,0.01,56,8,30,,,,125820,0.55736021
K7_R1_3,lock,insert,0.1867,0.01,0.01,0.01,0.01,56,8,30,,,,125820,0.54880942
K7_R1_3,lock,insert,0.2,0.01,0.01,0.01,0.01,56,8,30,,,,125820,0.53986579
K7_R1_3,lock,insert,0.22,0.01,0.01,0.01,0.01,56,8,30,,,,125820,0.53309181
K7_R1_3,lock,insert,0.24,0.01,0.01,0.01,0.01,56,8,30,,,,125820,0.52777516
K7_R1_3,lock,insert,0.26,0.01,0.01,0.01,0.01,56,8,30,,,,125820,0.52557879
K7_R1_3,lock,insert,0.29,0.01,0.01,0.01,0.01,56,8,30,,,,125820,0.52241211
K7_R1_3,lock,insert,0.32,0.01,0.01,0.01,0.01,56,8,30,,,,125820,0.52005507
K7_R1_3,lock,insert,0.35,0.01,0.01,0.01,0.01,56,8,30,,,,125820,0.51886834
K7_R1_3,lock,insert,0.4167,0.01,0.01,0.01,0.01,56,8,30,,,,125820,0.5182948
K7_R1_3,lock,insert,0.4833,0.01,0.01,0.01,0.01,56,8,30,,,,125820,0.51754151
K7_R1_3,lock,insert,0.55,0.01,0.01,0.01,0.01,56,8,30,,,,125820,0.51679449
K7_R1_3,lock,insert,0.6333,0.01,0.01,0.01,0.01,56,8,30,,,,125820,0.51705121
K7_R1_3,lock,insert,0.7167,0.01,0.01,0.01,0.01,56,8,30,,,,125820,0.5170859
K7_R1_3,lock,insert,0.8,0.01,0.01,0.01,0.01,56,8,30,,,,125820,0.51666749
K7_R1_3,lock,insert,0.8667,0.01,0.01,0.01,0.01,56,8,30,,,,125820,0.51727606
K7_R1_3,lock,insert,0.9333,0.01,0.01,0.01,0.01,56,8,30,,,,125820,0.51741623
K7_R1_3,lock,insert,1,0.01,0.01,0.01,0.01,56,8,30,,,,125820,0.51702477
K7_R1_3,lock,delete,0,0.01,0.01,0.01,0.01,56,8,30,,,,115920,0.9998858
K7_R1_3,lock,delete,0.0033,0.01,0.01,0.01,0.01,56,8,30,,,,115920,0.99969682
K7_R1_3,lock,delete,0.0067,0.01,0.01,0.01,0.01,56,8,30,,,,115920,0.99884723
K7_R1_3,lock,delete,0.01,0.01,0.01,0.01,0.01,56,8,30,,,,115920,0.99731306
K7_R1_3,lock,delete,0.0133,0.01,0.01,0.01,0.01,56,8,30,,,,115920,0.99359465
K7_R1_3,lock,delete,0.0167,0.01,0.01,0.01,0.01,56,8,30,,,,115920,0.98934689
K7_R1_3,lock,delete,0.02,0.01,0.01,0.01,0.01,56,8,30,,,,115920,0.9818664
K7_R1_3,lock,delete,0.025,0.01,0.01,0.01,0.01,56,8,30,,,,115920,0.96785926
K7_R1_3,lock,delete,0.03,0.01,0.01,0.01,0.01,56,8,30,,,,115920,0.95303232
K7_R1_3,lock,delete,0.035,0.01,0.01,0.01,0.01,56,8,30,,,,115920,0.93576585
K7_R1_3,lock,delete,0.04,0.01,0.01,0.01,0.01,56,8,30,,,,115920,0.91628414
K7_R1_3,lock,delete,0.045,0.01,0.01,0.01,0.01,56,8,30,,,,115920,0.89885112
K7_R1_3,lock,delete,0.05,0.01,0.01,0.01,0.01,56,8,30,,,,115920,0.87752955
K7_R1_3,lock,delete,0.0567,0.01,0.01,0.01,0.01,56,8,30,,,,115864,0.85457789
K7_R1_3,lock,delete,0.0633,0.01,0.01,0.01,0.01,56,8,30,,,,115304,0.82802546
K7_R1_3,lock,delete,0.07,0.01,0.01,0.01,0.01,56,8,30,,,,114464,0.80186799
K7_R1_3,lock,delete,0.0767,0.01,0.01,0.01,0.01,56,8,30,,,,114240,0.77926917
K7_R1_3,lock,delete,0.0833,0.01,0.01,0.01,0.01,56,8,30,,,,114016,0.75551934
K7_R1_3,lock,delete,0.09,0.01,0.01,0.01,0.01,56,8,30,,,,113064,0.73222112
K7_R1_3,lock,delete,0.1,0.01,0.01,0.01,0.01,56,8,30,,,,112056,0.70259917
K7_R1_3,lock,delete,0.11,0.01,0.01,0.01,0.01,56,8,30,,,,110768,0.67399744
K7_R1_3,lock,delete,0.12,0.01,0.01,0.01,0.01,56,8,30,,,,109368,0.65103236
K7_R1_3,lock,delete,0.1333,0.01,0.01,0.01,0.01,56,8,30,,,,107240,0.62262908
K7_R1_3,lock,delete,0.1467,0.01,0.01,0.01,0.01,56,8,30,,,,105336,0.59836311
K7_R1_3,lock,delete,0.16,0.01,0.01,0.01,0.01,56,8,30,,,,102928,0.58131865
K7_R1_3,lock,delete,0.1733,0.01,0.01,0.01,0.01,56,8,30,,,,100912,0.56473178
K7_R1_3,lock,delete,0.1867,0.01,0.01,0.01,0.01,56,8,30,,,,98952,0.55539103
K7_R1_3,lock,delete,0.2,0.01,0.01,0.01,0.01,56,8,30,,,,97048,0.54602584
K7_R1_3,lock,delete,0.2333,0.01,0.01,0.01,0.01,56,8,30,,,,92400,0.53243559
K7_R1_3,lock,delete,0.2667,0.01,0.01,0.01,0.01,56,8,30,,,,88032,0.5262198
K7_R1_3,lock,delete,0.3,0.01,0.01,0.01,0.01,56,8,30,,,,83776,0.52115425
K7_R1_3,lock,delete,0.3667,0.01,0.01,0.01,0.01,56,8,30,,,,75320,0.5182788
K7_R1_3,lock,delete,0.4333,0.01,0.01,0.01,0.01,56,8,30,,,,66976,0.51657693
K7_R1_3,lock,delete,0.5,0.01,0.01,0.01,0.01,56,8,30,,,,58464,0.51723901
K7_R1_3,lock,delete,0.6,0.01,0.01,0.01,0.01,56,8,30,,,,45864,0.51700941
K7_R1_3,lock,delete,0.7,0.01,0.01,0.01,0.01,56,8,30,,,,33376,0.51573103
K7_R1_3,lock,delete,0.8,0.01,0.01,0.01,0.01,56,8,30,,,,20776,0.5150775
K7_R1_3,lock,delete,0.8333,0.01,0.01,0.01,0.01,56,8,30,,,,16520,0.51739266
K7_R1_3,lock,delete,0.8667,0.01,0.01,0.01,0.01,56,8,30,,,,12320,0.51432263
K7_R1_3,lock,delete,0.9,0.01,0.01,0.01,0.01,56,8,30,,,,8344,0.51478439
K7_R1_3,lock,delete,0.9167,0.01,0.01,0.01,0.01,56,8,30,,,,6440,0.51067567
K7_R1_3,lock,delete,0.9333,0.01,0.01,0.01,0.01,56,8,30,,,,3976,0.50311072
K7_R1_3,lock,delete,0.95,0.01,0.01,0.01,0.01,56,8,30,,,,1680,0.4887921
K7_R1_3,lock,delete,0.9667,0.01,0.01,0.01,0.01,56,8,30,,,,0,0
K7_R1_3,lock,delete,1,0.01,0.01,0.01,0.01,56,8,30,,,,0,0
K7_R1_3,lock,delete,0.9833,0.01,0.01,0.01,0.01,56,8,30,,,,0,0
K7_R1_3,lock,erase,0,0.01,0.01,0.01,0.01,56,8,30,,,,115920,0.9998858
K7_R1_3,lock,erase,0.0067,0.01,0.01,0.01,0.01,56,8,30,,,,115920,0.99905887
K7_R1_3,lock,erase,0.0133,0.01,0.01,0.01,0.01,56,8,30,,,,115920,0.99355366
K7_R1_3,lock,erase,0.02,0.01,0.01,0.01,0.01,56,8,30,,,,115920,0.98165075
K7_R1_3,lock,erase,0.0267,0.01,0.01,0.01,0.01,56,8,30,,,,115920,0.96367012
K7_R1_3,lock,erase,0.0333,0.01,0.01,0.01,0.01,56,8,30,,,,115920,0.93924196
K7_R1_3,lock,erase,0.04,0.01,0.01,0.01,0.01,56,8,30,,,,115920,0.91659895
K7_R1_3,lock,erase,0.05,0.01,0.01,0.01,0.01,56,8,30,,,,115920,0.87773117
K7_R1_3,lock,erase,0.06,0.01,0.01,0.01,0.01,56,8,30,,,,115920,0.83448289
K7_R1_3,lock,erase,0.07,0.01,0.01,0.01,0.01,56,8,30,,,,115920,0.79074727
K7_R1_3,lock,erase,0.08,0.01,0.01,0.01,0.01,56,8,30,,,,115920,0.75486116
K7_R1_3,lock,erase,0.09,0.01,0.01,0.01,0.01,56,8,30,,,,115920,0.71107476
K7_R1_3,lock,erase,0.1,0.01,0.01,0.01,0.01,56,8,30,,,,115920,0.67036284
K7_R1_3,lock,erase,0.11,0.01,0.01,0.01,0.01,56,8,30,,,,115920,0.63098687
K7_R1_3,lock,erase,0.12,0.01,0.01,0.01,0.01,56,8,30,,,,115920,0.58568239
K7_R1_3,lock,erase,0.13,0.01,0.01,0.01,0.01,56,8,30,,,,115920,0.55037237
K7_R1_3,lock,erase,0.14,0.01,0.01,0.01,0.01,56,8,30,,,,115920,0.50276944
K7_R1_3,lock,erase,0.15,0.01,0.01,0.01,0.01,56,8,30,,,,115920,0.45465166
K7_R1_3,lock,erase,0.16,0.01,0.01,0.01,0.01,56,8,30,,,,115920,0.41297289
K7_R1_3,lock,erase,0.17,0.01,0.01,0.01,0.01,56,8,30,,,,115920,0.36683502
K7_R1_3,lock,erase,0.18,0.01,0.01,0.01,0.01,56,8,30,,,,115920,0.32079138
K7_R1_3,lock,erase,0.19,0.01,0.01,0.01,0.01,56,8,30,,,,115920,0.27978638
K7_R1_3,lock,erase,0.2,0.01,0.01,0.01,0.01,56,8,30,,,,115920,0.25131659
K7_R1_3,lock,erase,0.21,0.01,0.01,0.01,0.01,56,8,30,,,,115920,0.21013538
K7_R1_3,lock,erase,0.22,0.01,0.01,0.01,0.01,56,8,30,,,,115920,0.17977264
K7_R1_3,lock,erase,0.2333,0.01,0.01,0.01,0.01,56,8,30,,,,115920,0.13108154
K7_R1_3,lock,erase,0.2467,0.01,0.01,0.01,0.01,56,8,30,,,,115920,0.096454929
K7_R1_3,lock,erase,0.26,0.01,0.01,0.01,0.01,56,8,30,,,,115920,0.057928153
K7_R1_3,lock,erase,0.2733,0.01,0.01,0.01,0.01,56,8,30,,,,115920,0.034623444
K7_R1_3,lock,erase,0.2867,0.01,0.01,0.01,0.01,56,8,30,,,,115920,0.021765663
K7_R1_3,lock,erase,0.3,0.01,0.01,0.01,0.01,56,8,30,,,,115920,0.010075425
K7_R1_3,lock,erase,0.32,0.01,0.01,0.01,0.01,56,8,30,,,,115920,0.0033122284
K7_R1_3,lock,erase,0.34,0.01,0.01,0.01,0.01,56,8,30,,,,115920,0.00081282682
K7_R1_3,lock,erase,0.36,0.01,0.01,0.01,0.01,56,8,30,,,,115920,0.00011645357
K7_R1_3,lock,erase,0.4067,0.01,0.01,0.01,0.01,56,8,30,,,,115920,0
K7_R1_3,lock,erase,0.4533,0.01,0.01,0.01,0.01,56,8,30,,,,115920,0
K7_R1_3,lock,erase,0.5,0.01,0.01,0.01,0.01,56,8,30,,,,115920,0
K7_R1_3,lock,erase,0.6667,0.01,0.01,0.01,0.01,56,8,30,,,,115920,0
K7_R1_3,lock,erase,0.8333,0.01,0.01,0.01,0.01,56,8,30,,,,117600,0
K7_R1_3,lock,erase,1,0.01,0.01,0.01,0.01,56,8,30,,,,125820,0
K5_R1_5,edit,flip,0,0.01,0.01,0.01,0.01,40,8,30,118800,0,0,,
K5_R1_5,edit,flip,0.0033,0.01,0.01,0.01,0.01,40,8,30,118800,0,0,,
K5_R1_5,edit,flip,0.0067,0.01,0.01,0.01,0.01,40,8,30,118800,0,0,,
K5_R1_5,edit,flip,0.01,0.01,0.01,0.01,0.01,40,8,30,118800,0,0,,
K5_R1_5,edit,flip,0.0133,0.01,0.01,0.01,0.01,40,8,30,118800,2,1.6835017e-05,,
K5_R1_5,edit,flip,0.0167,0.01,0.01,0.01,0.01,40,8,30,118800,0,0,,
K5_R1_5,edit,flip,0.02,0.01,0.01,0.01,0.01,40,8,30,118800,4,3.3670034e-05,,
K5_R1_5,edit,flip,0.025,0.01,0.01,0.01,0.01,40,8,30,118800,31,0.00026094276,,
K5_R1_5,edit,flip,0.03,0.01,0.01,0.01,0.01,40,8,30,118800,21,0.00017676768,,
K5_R1_5,edit,flip,0.035,0.01,0.01,0.01,0.01,40,8,30,118800,181,0.001523569,,
K5_R1_5,edit,flip,0.04,0.01,0.01,0.01,0.01,40,8,30,118800,228,0.0019191919,,
K5_R1_5,edit,flip,0.045,0.01,0.01,0.01,0.01,40,8,30,118800,285,0.0023989899,,
K5_R1_5,edit,flip,0.05,0.01,0.01,0.01,0.01,40,8,30,118800,342,0.0028787879,,
K5_R1_5,edit,flip,0.0567,0.01,0.01,0.01,0.01,40,8,30,118800,702,0.0059090909,,
K5_R1_5,edit,flip,0.0633,0.01,0.01,0.01,0.01,40,8,30,118800,1173,0.0098737374,,
K5_R1_5,edit,flip,0.07,0.01,0.01,0.01,0.01,40,8,30,118800,1258,0.010589226,,
K5_R1_5,edit,flip,0.0767,0.01,0.01,0.01,0.01,40,8,30,118800,1762,0.01483165,,
K5_R1_5,edit,flip,0.0833,0.01,0.01,0.01,0.01,40,8,30,118800,2100,0.017676768,,
K5_R1_5,edit,flip,0.09,0.01,0.01,0.01,0.01,40,8,30,118800,2875,0.024200337,,
K5_R1_5,edit,flip,0.1,0.01,0.01,0.01,0.01,40,8,30,118800,4975,0.041877104,,
K5_R1_5,edit,flip,0.11,0.01,0.01,0.01,0.01,40,8,30,118800,8912,0.075016835,,
K5_R1_5,edit,flip,0.12,0.01,0.01,0.01,0.01,40,8,30,118800,17004,0.14313131,,
K5_R1_5,edit,flip,0.1333,0.01,0.01,0.01,0.01,40,8,30,118800,34545,0.29078283,,
K5_R1_5,edit,flip,0.1467,0.01,0.01,0.01,0.01,40,8,30,118800,57822,0.48671717,,
K5_R1_5,edit,flip,0.16,0.01,0.01,0.01,0.01,40,8,30,118800,84743,0.71332492,,
K5_R1_5,edit,flip,0.1733,0.01,0.01,0.01,0.01,40,8,30,118800,101925,0.85795455,,
K5_R1_5,edit,flip,0.1867,0.01,0.01,0.01,0.01,40,8,30,118800,112625,0.94802189,,
K5_R1_5,edit,flip,0.2,0.01,0.01,0.01,0.01,40,8,30,118800,118830,1.0002525,,
K5_R1_5,edit,flip,0.2167,0.01,0.01,0.01,0.01,40,8,30,118800,122681,1.0326684,,
K5_R1_5,edit,flip,0.2333,0.01,0.01,0.01,0.01,40,8,30,118800,124509,1.0480556,,
K5_R1_5,edit,flip,0.25,0.01,0.01,0.01,0.01,40,8,30,118800,125257,1.0543519,,
K5_R1_5,edit,insert,0,0.01,0.01,0.01,0.01,40,8,30,118800,0,0,,
K5_R1_5,edit,insert,0.0017,0.01,0.01,0.01,0.01,40,8,30,118800,0,0,,
K5_R1_5,edit,insert,0.0033,0.01,0.01,0.01,0.01,40,8,30,118800,2,1.6835017e-05,,
K5_R1_5,edit,insert,0.005,0.01,0.01,0.01,0.01,40,8,30,118800,0,0,,
K5_R1_5,edit,insert,0.0067,0.01,0.01,0.01,0.01,40,8,30,118800,14,0.00011784512,,
K5_R1_5,edit,insert,0.0083,0.01,0.01,0.01,0.01,40,8,30,118800,73,0.00061447811,,
K5_R1_5,edit,insert,0.01,0.01,0.01,0.01,0.01,40,8,30,118800,77,0.00064814815,,
K5_R1_5,edit,insert,0.0133,0.01,0.01,0.01,0.01,40,8,30,118800,125,0.0010521886,,
K5_R1_5,edit,insert,0.0167,0.01,0.01,0.01,0.01,40,8,30,118800,267,0.0022474747,,
K5_R1_5,edit,insert,0.02,0.01,0.01,0.01,0.01,40,8,30,118800,384,0.0032323232,,
K5_R1_5,edit,insert,0.025,0.01,0.01,0.01,0.01,40,8,30,118800,514,0.0043265993,,
K5_R1_5,edit,insert,0.03,0.01,0.01,0.01,0.01,40,8,30,118800,677,0.0056986532,,
K5_R1_5,edit,insert,0.035,0.01,0.01,0.01,0.01,40,8,30,118800,975,0.0082070707,,
K5_R1_5,edit,insert,0.04,0.01,0.01,0.01,0.01,40,8,30,118800,1095,0.0092171717,,
K5_R1_5,edit,insert,0.045,0.01,0.01,0.01,0.01,40,8,30,118800,1357,0.011422559,,
K5_R1_5,edit,insert,0.05,0.01,0.01,0.01,0.01,40,8,30,118800,1768,0.014882155,,
K5_R1_5,edit,insert,0.0567,0.01,0.01,0.01,0.01,40,8,30,118800,2092,0.017609428,,
K5_R1_5,edit,insert,0.0633,0.01,0.01,0.01,0.01,40,8,30,118800,2517,0.021186869,,
K5_R1_5,edit,insert,0.07,0.01,0.01,0.01,0.01,40,8,30,118800,3155,0.026557239,,
K5_R1_5,edit,insert,0.08,0.01,0.01,0.01,0.01,40,8,30,118800,4415,0.0371633,,
K5_R1_5,edit,insert,0.09,0.01,0.01,0.01,0.01,40,8,30,118800,6309,0.053106061,,
K5_R1_5,edit,insert,0.1,0.01,0.01,0.01,0.01,40,8,30,118800,10292,0.086632997,,
K5_R1_5,edit,insert,0.1133,0.01,0.01,0.01,0.01,40,8,30,118800,18542,0.15607744,,
K5_R1_5,edit,insert,0.1267,0.01,0.01,0.01,0.01,40,8,30,118800,34106,0.28708754,,
K5_R1_5,edit,insert,0.14,0.01,0.01,0.01,0.01,40,8,30,118800,54952,0.46255892,,
K5_R1_5,edit,insert,0.16,0.01,0.01,0.01,0.01,40,8,30,118800,86704,0.72983165,,
K5_R1_5,edit,insert,0.18,0.01,0.01,0.01,0.01,40,8,30,118800,107192,0.90228956,,
K5_R1_5,edit,insert,0.2,0.01,0.01,0.01,0.01,40,8,30,118800,117498,0.9890404,,
K5_R1_5,edit,insert,0.2167,0.01,0.01,0.01,0.01,40,8,30,118800,121798,1.0252357,,
K5_R1_5,edit,insert,0.2333,0.01,0.01,0.01,0.01,40,8,30,118800,124364,1.046835,,
K5_R1_5,edit,insert,0.25,0.01,0.01,0.01,0.01,40,8,30,118800,125199,1.0538636,,
K5_R1_5,edit,delete,0,0.01,0.01,0.01,0.01,40,8,30,118800,0,0,,
K5_R1_5,edit,delete,0.0033,0.01,0.01,0.01,0.01,40,8,30,118800,30,0.00025252525,,
K5_R1_5,edit,delete,0.0067,0.01,0.01,0.01,0.01,40,8,30,118800,30,0.00025252525,,
K5_R1_5,edit,delete,0.01,0.01,0.01,0.01,0.01,40,8,30,118800,31,0.00026094276,,
K5_R1_5,edit,delete,0.0133,0.01,0.01,0.01,0.01,40,8,30,118800,71,0.0005976431,,
K5_R1_5,edit,delete,0.0167,0.01,0.01,0.01,0.01,40,8,30,118800,52,0.00043771044,,
K5_R1_5,edit,delete,0.02,0.01,0.01,0.01,0.01,40,8,30,118800,55,0.00046296296,,
K5_R1_5,edit,delete,0.0233,0.01,0.01,0.01,0.01,40,8,30,118800,73,0.00061447811,,
K5_R1_5,edit,delete,0.0267,0.01,0.01,0.01,0.01,40,8,30,118800,202,0.0017003367,,
K5_R1_5,edit,delete,0.03,0.01,0.01,0.01,0.01,40,8,30,118800,179,0.001506734,,
K5_R1_5,edit,delete,0.0367,0.01,0.01,0.01,0.01,40,8,30,118800,335,0.0028198653,,
K5_R1_5,edit,delete,0.0433,0.01,0.01,0.01,0.01,40,8,30,118800,619,0.0052104377,,
K5_R1_5,edit,delete,0.05,0.01,0.01,0.01,0.01,40,8,30,118800,648,0.0054545455,,
K5_R1_5,edit,delete,0.0567,0.01,0.01,0.01,0.01,40,8,30,118800,961,0.0080892256,,
K5_R1_5,edit,delete,0.0633,0.01,0.01,0.01,0.01,40,8,30,118800,1397,0.011759259,,
K5_R1_5,edit,delete,0.07,0.01,0.01,0.01,0.01,40,8,30,118800,1515,0.012752525,,
K5_R1_5,edit,delete,0.0767,0.01,0.01,0.01,0.01,40,8,30,118800,1958,0.016481481,,
K5_R1_5,edit,delete,0.0833,0.01,0.01,0.01,0.01,40,8,30,118800,2359,0.019856902,,
K5_R1_5,edit,delete,0.09,0.01,0.01,0.01,0.01,40,8,30,118800,2896,0.024377104,,
K5_R1_5,edit,delete,0.1,0.01,0.01,0.01,0.01,40,8,30,118800,4475,0.03766835,,
K5_R1_5,edit,delete,0.11,0.01,0.01,0.01,0.01,40,8,30,118800,6622,0.055740741,,
K5_R1_5,edit,delete,0.12,0.01,0.01,0.01,0.01,40,8,30,118800,11553,0.097247475,,
K5_R1_5,edit,delete,0.1333,0.01,0.01,0.01,0.01,40,8,30,118800,21796,0.18346801,,
K5_R1_5,edit,delete,0.1467,0.01,0.01,0.01,0.01,40,8,30,118800,39007,0.32834175,,
K5_R1_5,edit,delete,0.16,0.01,0.01,0.01,0.01,40,8,30,118800,60116,0.50602694,,
K5_R1_5,edit,delete,0.1733,0.01,0.01,0.01,0.01,40,8,30,118800,80232,0.67535354,,
K5_R1_5,edit,delete,0.1867,0.01,0.01,0.01,0.01,40,8,30,118800,94899,0.79881313,,
K5_R1_5,edit,delete,0.2,0.01,0.01,0.01,0.01,40,8,30,118800,104381,0.87862795,,
K5_R1_5,edit,delete,0.2167,0.01,0.01,0.01,0.01,40,8,30,118800,112292,0.94521886,,
K5_R1_5,edit,delete,0.2333,0.01,0.01,0.01,0.01,40,8,30,118800,115849,0.97515993,,
K5_R1_5,edit,delete,0.25,0.01,0.01,0.01,0.01,40,8,30,118800,117295,0.98733165,,
K5_R1_5,edit,erase,0,0.01,0.01,0.01,0.01,40,8,30,118800,0,0,,
K5_R1_5,edit,erase,0.0667,0.01,0.01,0.01,0.01,40,8,30,118800,11,9.2592593e-05,,
K5_R1_5,edit,erase,0.1333,0.01,0.01,0.01,0.01,40,8,30,118800,42228,0.35545455,,
K5_R1_5,edit,erase,0.2,0.01,0.01,0.01,0.01,40,8,30,118800,116913,0.98411616,,
K5_R1_5,edit,erase,0.25,0.01,0.01,0.01,0.01,40,8,30,118800,118777,0.9998064,,
K5_R1_5,edit,erase,0.3,0.01,0.01,0.01,0.01,40,8,30,118800,118800,1,,
K5_R1_5,edit,erase,0.35,0.01,0.01,0.01,0.01,40,8,30,118800,118800,1,,
K5_R1_5,edit,erase,0.3833,0.01,0.01,0.01,0.01,40,8,30,118800,118800,1,,
K5_R1_5,edit,erase,0.4167,0.01,0.01,0.01,0.01,40,8,30,118800,118800,1,,
K5_R1_5,edit,erase,0.45,0.01,0.01,0.01,0.01,40,8,30,118800,118800,1,,
K5_R1_5,edit,erase,0.4833,0.01,0.01,0.01,0.01,40,8,30,118800,118800,1,,
K5_R1_5,edit,erase,0.5167,0.01,0.01,0.01,0.01,40,8,30,118800,118800,1,,
K5_R1_5,edit,erase,0.55,0.01,0.01,0.01,0.01,40,8,30,118800,118800,1,,
K5_R1_5,edit,erase,0.5733,0.01,0.01,0.01,0.01,40,8,30,118800,118800,1,,
K5_R1_5,edit,erase,0.5967,0.01,0.01,0.01,0.01,40,8,30,118800,118800,1,,
K5_R1_5,edit,erase,0.62,0.01,0.01,0.01,0.01,40,8,30,118800,118800,1,,
K5_R1_5,edit,erase,0.6467,0.01,0.01,0.01,0.01,40,8,30,118800,118801,1.0000084,,
K5_R1_5,edit,erase,0.6733,0.01,0.01,0.01,0.01,40,8,30,118800,118803,1.0000253,,
K5_R1_5,edit,erase,0.7,0.01,0.01,0.01,0.01,40,8,30,118800,118803,1.0000253,,
K5_R1_5,edit,erase,0.7267,0.01,0.01,0.01,0.01,40,8,30,118800,118815,1.0001263,,
K5_R1_5,edit,erase,0.7533,0.01,0.01,0.01,0.01,40,8,30,118800,118822,1.0001852,,
K5_R1_5,edit,erase,0.78,0.01,0.01,0.01,0.01,40,8,30,118800,118878,1.0006566,,
K5_R1_5,edit,erase,0.8033,0.01,0.01,0.01,0.01,40,8,30,118800,119000,1.0016835,,
K5_R1_5,edit,erase,0.8267,0.01,0.01,0.01,0.01,40,8,30,118800,119155,1.0029882,,
K5_R1_5,edit,erase,0.85,0.01,0.01,0.01,0.01,40,8,30,118800,119430,1.005303,,
K5_R1_5,edit,erase,0.8733,0.01,0.01,0.01,0.01,40,8,30,118800,120073,1.0107155,,
K5_R1_5,edit,erase,0.8967,0.01,0.01,0.01,0.01,40,8,30,118800,121439,1.0222138,,
K5_R1_5,edit,erase,0.92,0.01,0.01,0.01,0.01,40,8,30,118800,124162,1.0451347,,
K5_R1_5,lock,flip,0,0.01,0.01,0.01,0.01,40,8,30,,,,117600,0.99992191
K5_R1_5,lock,flip,0.0033,0.01,0.01,0.01,0.01,40,8,30,,,,117600,0.99983321
K5_R1_5,lock,flip,0.0067,0.01,0.01,0.01,0.01,40,8,30,,,,117600,0.99936785
K5_R1_5,lock,flip,0.01,0.01,0.01,0.01,0.01,40,8,30,,,,117600,0.99779085
K5_R1_5,lock,flip,0.0133,0.01,0.01,0.01,0.01,40,8,30,,,,117600,0.99495349
K5_R1_5,lock,flip,0.0167,0.01,0.01,0.01,0.01,40,8,30,,,,117600,0.98985107
K5_R1_5,lock,flip,0.02,0.01,0.01,0.01,0.01,40,8,30,,,,117600,0.98293445
K5_R1_5,lock,flip,0.025,0.01,0.01,0.01,0.01,40,8,30,,,,117600,0.96968275
K5_R1_5,lock,flip,0.03,0.01,0.01,0.01,0.01,40,8,30,,,,117600,0.95202849
K5_R1_5,lock,flip,0.035,0.01,0.01,0.01,0.01,40,8,30,,,,117600,0.93526974
K5_R1_5,lock,flip,0.04,0.01,0.01,0.01,0.01,40,8,30,,,,117600,0.91702616
K5_R1_5,lock,flip,0.045,0.01,0.01,0.01,0.01,40,8,30,,,,117600,0.8959267
K5_R1_5,lock,flip,0.05,0.01,0.01,0.01,0.01,40,8,30,,,,117600,0.87655935
K5_R1_5,lock,flip,0.0567,0.01,0.01,0.01,0.01,40,8,30,,,,117600,0.84885685
K5_R1_5,lock,flip,0.0633,0.01,0.01,0.01,0.01,40,8,30,,,,117600,0.82367272
K5_R1_5,lock,flip,0.07,0.01,0.01,0.01,0.01,40,8,30,,,,117600,0.79542368
K5_R1_5,lock,flip,0.0767,0.01,0.01,0.01,0.01,40,8,30,,,,117600,0.7698469
K5_R1_5,lock,flip,0.0833,0.01,0.01,0.01,0.01,40,8,30,,,,117600,0.74294244
K5_R1_5,lock,flip,0.09,0.01,0.01,0.01,0.01,40,8,30,,,,117600,0.71589079
K5_R1_5,lock,flip,0.1,0.01,0.01,0.01,0.01,40,8,30,,,,117600,0.67615986
K5_R1_5,lock,flip,0.11,0.01,0.01,0.01,0.01,40,8,30,,,,117600,0.64319834
K5_R1_5,lock,flip,0.12,0.01,0.01,0.01,0.01,40,8,30,,,,117760,0.59890641
K5_R1_5,lock,flip,0.1333,0.01,0.01,0.01,0.01,40,8,30,,,,118800,0.55438587
K5_R1_5,lock,flip,0.1467,0.01,0.01,0.01,0.01,40,8,30,,,,119040,0.51096954
K5_R1_5,lock,flip,0.16,0.01,0.01,0.01,0.01,40,8,30,,,,120000,0.4614938
K5_R1_5,lock,flip,0.1733,0.01,0.01,0.01,0.01,40,8,30,,,,120640,0.42340741
K5_R1_5,lock,flip,0.1867,0.01,0.01,0.01,0.01,40,8,30,,,,121360,0.39347166
K5_R1_5,lock,flip,0.2,0.01,0.01,0.01,0.01,40,8,30,,,,122160,0.37327164
K5_R1_5,lock,flip,0.2167,0.01,0.01,0.01,0.01,40,8,30,,,,122560,0.36045236
K5_R1_5,lock,flip,0.2333,0.01,0.01,0.01,0.01,40,8,30,,,,123440,0.35211056
K5_R1_5,lock,flip,0.25,0.01,0.01,0.01,0.01,40,8,30,,,,123680,0.34446388
K5_R1_5,lock,flip,0.2833,0.01,0.01,0.01,0.01,40,8,30,,,,124560,0.33402141
K5_R1_5,lock,flip,0.3167,0.01,0.01,0.01,0.01,40,8,30,,,,124680,0.33008817
K5_R1_5,lock,flip,0.35,0.01,0.01,0.01,0.01,40,8,30,,,,124800,0.32775495
K5_R1_5,lock,flip,0.4167,0.01,0.01,0.01,0.01,40,8,30,,,,124760,0.3263813
K5_R1_5,lock,flip,0.4833,0.01,0.01,0.01,0.01,40,8,30,,,,124720,0.32665675
K5_R1_5,lock,flip,0.55,0.01,0.01,0.01,0.01,40,8,30,,,,124760,0.32618721
K5_R1_5,lock,flip,0.6333,0.01,0.01,0.01,0.01,40,8,30,,,,124760,0.32644701
K5_R1_5,lock,flip,0.7167,0.01,0.01,0.01,0.01,40,8,30,,,,124560,0.32928983
K5_R1_5,lock,flip,0.8,0.01,0.01,0.01,0.01,40,8,30,,,,124520,0.3352552
K5_R1_5,lock,flip,0.8667,0.01,0.01,0.01,0.01,40,8,30,,,,124120,0.34380504
K5_R1_5,lock,flip,0.9333,0.01,0.01,0.01,0.01,40,8,30,,,,123560,0.35733753
K5_R1_5,lock,flip,1,0.01,0.01,0.01,0.01,40,8,30,,,,122960,0.36487882
K5_R1_5,lock,insert,0,0.01,0.01,0.01,0.01,40,8,30,,,,117600,0.99992191
K5_R1_5,lock,insert,0.0033,0.01,0.01,0.01,0.01,40,8,30,,,,117600,0.99982429
K5_R1_5,lock,insert,0.0067,0.01,0.01,0.01,0.01,40,8,30,,,,117600,0.9993245
K5_R1_5,lock,insert,0.01,0.01,0.01,0.01,0.01,40,8,30,,,,117600,0.99788468
K5_R1_5,lock,insert,0.0133,0.01,0.01,0.01,0.01,40,8,30,,,,117600,0.99444426
K5_R1_5,lock,insert,0.0167,0.01,0.01,0.01,0.01,40,8,30,,,,117600,0.98903725
K5_R1_5,lock,insert,0.02,0.01,0.01,0.01,0.01,40,8,30,,,,117600,0.98295173
K5_R1_5,lock,insert,0.025,0.01,0.01,0.01,0.01,40,8,30,,,,117600,0.9695212
K5_R1_5,lock,insert,0.03,0.01,0.01,0.01,0.01,40,8,30,,,,117600,0.95180182
K5_R1_5,lock,insert,0.035,0.01,0.01,0.01,0.01,40,8,30,,,,117600,0.93507395
K5_R1_5,lock,insert,0.04,0.01,0.01,0.01,0.01,40,8,30,,,,117600,0.91487673
K5_R1_5,lock,insert,0.045,0.01,0.01,0.01,0.01,40,8,30,,,,117600,0.89488828
K5_R1_5,lock,insert,0.05,0.01,0.01,0.01,0.01,40,8,30,,,,117640,0.87072328
K5_R1_5,lock,insert,0.0567,0.01,0.01,0.01,0.01,40,8,30,,,,118120,0.84268985
K5_R1_5,lock,insert,0.0633,0.01,0.01,0.01,0.01,40,8,30,,,,118760,0.81546866
K5_R1_5,lock,insert,0.07,0.01,0.01,0.01,0.01,40,8,30,,,,119040,0.78751861
K5_R1_5,lock,insert,0.0767,0.01,0.01,0.01,0.01,40,8,30,,,,119800,0.76333993
K5_R1_5,lock,insert,0.0833,0.01,0.01,0.01,0.01,40,8,30,,,,120760,0.73143417
K5_R1_5,lock,insert,0.09,0.01,0.01,0.01,0.01,40,8,30,,,,121360,0.7073618
K5_R1_5,lock,insert,0.1,0.01,0.01,0.01,0.01,40,8,30,,,,123080,0.6676005
K5_R1_5,lock,insert,0.11,0.01,0.01,0.01,0.01,40,8,30,,,,124880,0.62985977
K5_R1_5,lock,insert,0.12,0.01,0.01,0.01,0.01,40,8,30,,,,126180,0.59782478
K5_R1_5,lock,insert,0.1333,0.01,0.01,0.01,0.01,40,8,30,,,,126360,0.55496451
K5_R1_5,lock,insert,0.1467,0.01,0.01,0.01,0.01,40,8,30,,,,126360,0.516859
K5_R1_5,lock,insert,0.16,0.01,0.01,0.01,0.01,40,8,30,,,,126360,0.47680085
K5_R1_5,lock,insert,0.1733,0.01,0.01,0.01,0.01,40,8,30,,,,126360,0.44553745
K5_R1_5,lock,insert,0.1867,0.01,0.01,0.01,0.01,40,8,30,,,,126360,0.41822222
K5_R1_5,lock,insert,0.2,0.01,0.01,0.01,0.01,40,8,30,,,,126360,0.39837851
K5_R1_5,lock,insert,0.22,0.01,0.01,0.01,0.01,40,8,30,,,,126360,0.3784596
K5_R1_5,lock,insert,0.24,0.01,0.01,0.01,0.01,40,8,30,,,,126360,0.37054242
K5_R1_5,lock,insert,0.26,0.01,0.01,0.01,0.01,40,8,30,,,,126360,0.36189067
K5_R1_5,lock,insert,0.29,0.01,0.01,0.01,0.01,40,8,30,,,,126360,0.35411291
K5_R1_5,lock,insert,0.32,0.01,0.01,0.01,0.01,40,8,30,,,,126360,0.3465678
K5_R1_5,lock,insert,0.35,0.01,0.01,0.01,0.01,40,8,30,,,,126360,0.34048692
K5_R1_5,lock,insert,0.4167,0.01,0.01,0.01,0.01,40,8,30,,,,126360,0.33416638
K5_R1_5,lock,insert,0.4833,0.01,0.01,0.01,0.01,40,8,30,,,,126360,0.33024269
K5_R1_5,lock,insert,0.55,0.01,0.01,0.01,0.01,40,8,30,,,,126360,0.32882594
K5_R1_5,lock,insert,0.6333,0.01,0.01,0.01,0.01,40,8,30,,,,126360,0.32779164
K5_R1_5,lock,insert,0.7167,0.01,0.01,0.01,0.01,40,8,30,,,,126360,0.32715335
K5_R1_5,lock,insert,0.8,0.01,0.01,0.01,0.01,40,8,30,,,,126360,0.32738145
K5_R1_5,lock,insert,0.8667,0.01,0.01,0.01,0.01,40,8,30,,,,126360,0.32693792
K5_R1_5,lock,insert,0.9333,0.01,0.01,0.01,0.01,40,8,30,,,,126360,0.32745358
K5_R1_5,lock,insert,1,0.01,0.01,0.01,0.01,40,8,30,,,,126360,0.32800154
K5_R1_5,lock,delete,0,0.01,0.01,0.01,0.01,40,8,30,,,,117600,0.99992191
K5_R1_5,lock,delete,0.0033,0.01,0.01,0.01,0.01,40,8,30,,,,117600,0.99981665
K5_R1_5,lock,delete,0.0067,0.01,0.01,0.01,0.01,40,8,30,,,,117600,0.99943048
K5_R1_5,lock,delete,0.01,0.01,0.01,0.01,0.01,40,8,30,,,,117600,0.99765714
K5_R1_5,lock,delete,0.0133,0.01,0.01,0.01,0.01,40,8,30,,,,117560,0.99467048
K5_R1_5,lock,delete,0.0167,0.01,0.01,0.01,0.01,40,8,30,,,,117600,0.98995517
K5_R1_5,lock,delete,0.02,0.01,0.01,0.01,0.01,40,8,30,,,,117560,0.98297016
K5_R1_5,lock,delete,0.025,0.01,0.01,0.01,0.01,40,8,30,,,,117320,0.96967663
K5_R1_5,lock,delete,0.03,0.01,0.01,0.01,0.01,40,8,30,,,,117080,0.95373621
K5_R1_5,lock,delete,0.035,0.01,0.01,0.01,0.01,40,8,30,,,,116920,0.93710898
K5_R1_5,lock,delete,0.04,0.01,0.01,0.01,0.01,40,8,30,,,,116600,0.91767606
K5_R1_5,lock,delete,0.045,0.01,0.01,0.01,0.01,40,8,30,,,,116480,0.89813512
K5_R1_5,lock,delete,0.05,0.01,0.01,0.01,0.01,40,8,30,,,,116400,0.87973631
K5_R1_5,lock,delete,0.0567,0.01,0.01,0.01,0.01,40,8,30,,,,116400,0.85256904
K5_R1_5,lock,delete,0.0633,0.01,0.01,0.01,0.01,40,8,30,,,,116400,0.82704377
K5_R1_5,lock,delete,0.07,0.01,0.01,0.01,0.01,40,8,30,,,,116400,0.80282487
K5_R1_5,lock,delete,0.0767,0.01,0.01,0.01,0.01,40,8,30,,,,116320,0.77308196
K5_R1_5,lock,delete,0.0833,0.01,0.01,0.01,0.01,40,8,30,,,,115680,0.7480928
K5_R1_5,lock,delete,0.09,0.01,0.01,0.01,0.01,40,8,30,,,,115200,0.72416147
K5_R1_5,lock,delete,0.1,0.01,0.01,0.01,0.01,40,8,30,,,,114600,0.69212502
K5_R1_5,lock,delete,0.11,0.01,0.01,0.01,0.01,40,8,30,,,,113680,0.65702673
K5_R1_5,lock,delete,0.12,0.01,0.01,0.01,0.01,40,8,30,,,,112640,0.62782432
K5_R1_5,lock,delete,0.1333,0.01,0.01,0.01,0.01,40,8,30,,,,110840,0.58752009
K5_R1_5,lock,delete,0.1467,0.01,0.01,0.01,0.01,40,8,30,,,,108720,0.54482641
K5_R1_5,lock,delete,0.16,0.01,0.01,0.01,0.01,40,8,30,,,,106560,0.51270218
K5_R1_5,lock,delete,0.1733,0.01,0.01,0.01,0.01,40,8,30,,,,104560,0.47964417
K5_R1_5,lock,delete,0.1867,0.01,0.01,0.01,0.01,40,8,30,,,,102400,0.44759724
K5_R1_5,lock,delete,0.2,0.01,0.01,0.01,0.01,40,8,30,,,,100640,0.41992997
K5_R1_5,lock,delete,0.2333,0.01,0.01,0.01,0.01,40,8,30,,,,95400,0.3807089
K5_R1_5,lock,delete,0.2667,0.01,0.01,0.01,0.01,40,8,30,,,,90960,0.36440008
K5_R1_5,lock,delete,0.3,0.01,0.01,0.01,0.01,40,8,30,,,,86440,0.35413012
K5_R1_5,lock,delete,0.3667,0.01,0.01,0.01,0.01,40,8,30,,,,77720,0.34115076
K5_R1_5,lock,delete,0.4333,0.01,0.01,0.01,0.01,40,8,30,,,,69240,0.33529619
K5_R1_5,lock,delete,0.5,0.01,0.01,0.01,0.01,40,8,30,,,,60840,0.32837907
K5_R1_5,lock,delete,0.6,0.01,0.01,0.01,0.01,40,8,30,,,,47960,0.32862525
K5_R1_5,lock,delete,0.7,0.01,0.01,0.01,0.01,40,8,30,,,,35200,0.32702571
K5_R1_5,lock,delete,0.8,0.01,0.01,0.01,0.01,40,8,30,,,,22520,0.32427705
K5_R1_5,lock,delete,0.8333,0.01,0.01,0.01,0.01,40,8,30,,,,18200,0.32316029
K5_R1_5,lock,delete,0.8667,0.01,0.01,0.01,0.01,40,8,30,,,,14080,0.32561445
K5_R1_5,lock,delete,0.9,0.01,0.01,0.01,0.01,40,8,30,,,,9560,0.3251559
K5_R1_5,lock,delete,0.9167,0.01,0.01,0.01,0.01,40,8,30,,,,7480,0.32644787
K5_R1_5,lock,delete,0.9333,0.01,0.01,0.01,0.01,40,8,30,,,,5560,0.32277436
K5_R1_5,lock,delete,0.95,0.01,0.01,0.01,0.01,40,8,30,,,,3520,0.32084977
K5_R1_5,lock,delete,0.9667,0.01,0.01,0.01,0.01,40,8,30,,,,1200,0.31110217
K5_R1_5,lock,delete,1,0.01,0.01,0.01,0.01,40,8,30,,,,0,0
K5_R1_5,lock,delete,0.9833,0.01,0.01,0.01,0.01,40,8,30,,,,0,0
K5_R1_5,lock,erase,0,0.01,0.01,0.01,0.01,40,8,30,,,,117600,0.99992191
K5_R1_5,lock,erase,0.0067,0.01,0.01,0.01,0.01,40,8,30,,,,117600,0.99937649
K5_R1_5,lock,erase,0.0133,0.01,0.01,0.01,0.01,40,8,30,,,,117600,0.99487016
K5_R1_5,lock,erase,0.02,0.01,0.01,0.01,0.01,40,8,30,,,,117600,0.98338523
K5_R1_5,lock,erase,0.0267,0.01,0.01,0.01,0.01,40,8,30,,,,117600,0.96354214
K5_R1_5,lock,erase,0.0333,0.01,0.01,0.01,0.01,40,8,30,,,,117600,0.9426763
K5_R1_5,lock,erase,0.04,0.01,0.01,0.01,0.01,40,8,30,,,,117600,0.91614307
K5_R1_5,lock,erase,0.05,0.01,0.01,0.01,0.01,40,8,30,,,,117600,0.87402108
K5_R1_5,lock,erase,0.06,0.01,0.01,0.01,0.01,40,8,30,,,,117600,0.83409124
K5_R1_5,lock,erase,0.07,0.01,0.01,0.01,0.01,40,8,30,,,,117600,0.79298091
K5_R1_5,lock,erase,0.08,0.01,0.01,0.01,0.01,40,8,30,,,,117600,0.75312392
K5_R1_5,lock,erase,0.09,0.01,0.01,0.01,0.01,40,8,30,,,,117600,0.71367457
K5_R1_5,lock,erase,0.1,0.01,0.01,0.01,0.01,40,8,30,,,,117600,0.67217557
K5_R1_5,lock,erase,0.11,0.01,0.01,0.01,0.01,40,8,30,,,,117600,0.62553266
K5_R1_5,lock,erase,0.12,0.01,0.01,0.01,0.01,40,8,30,,,,117600,0.58812118
K5_R1_5,lock,erase,0.13,0.01,0.01,0.01,0.01,40,8,30,,,,117600,0.54346577
K5_R1_5,lock,erase,0.14,0.01,0.01,0.01,0.01,40,8,30,,,,117600,0.50048661
K5_R1_5,lock,erase,0.15,0.01,0.01,0.01,0.01,40,8,30,,,,117600,0.45810051
K5_R1_5,lock,erase,0.16,0.01,0.01,0.01,0.01,40,8,30,,,,117600,0.40571499
K5_R1_5,lock,erase,0.17,0.01,0.01,0.01,0.01,40,8,30,,,,117600,0.3592934
K5_R1_5,lock,erase,0.18,0.01,0.01,0.01,0.01,40,8,30,,,,117600,0.31911269
K5_R1_5,lock,erase,0.19,0.01,0.01,0.01,0.01,40,8,30,,,,117600,0.28533267
K5_R1_5,lock,erase,0.2,0.01,0.01,0.01,0.01,40,8,30,,,,117600,0.25038726
K5_R1_5,lock,erase,0.21,0.01,0.01,0.01,0.01,40,8,30,,,,117600,0.21634132
K5_R1_5,lock,erase,0.22,0.01,0.01,0.01,0.01,40,8,30,,,,117600,0.18047305
K5_R1_5,lock,erase,0.2333,0.01,0.01,0.01,0.01,40,8,30,,,,117600,0.13641828
K5_R1_5,lock,erase,0.2467,0.01,0.01,0.01,0.01,40,8,30,,,,117600,0.089634452
K5_R1_5,lock,erase,0.26,0.01,0.01,0.01,0.01,40,8,30,,,,117600,0.056048949
K5_R1_5,lock,erase,0.2733,0.01,0.01,0.01,0.01,40,8,30,,,,117600,0.032958263
K5_R1_5,lock,erase,0.2867,0.01,0.01,0.01,0.01,40,8,30,,,,117600,0.017899873
K5_R1_5,lock,erase,0.3,0.01,0.01,0.01,0.01,40,8,30,,,,117600,0.008010305
K5_R1_5,lock,erase,0.32,0.01,0.01,0.01,0.01,40,8,30,,,,117600,0.0017453984
K5_R1_5,lock,erase,0.34,0.01,0.01,0.01,0.01,40,8,30,,,,117600,0.00033336932
K5_R1_5,lock,erase,0.36,0.01,0.01,0.01,0.01,40,8,30,,,,117600,3.6898602e-05
K5_R1_5,lock,erase,0.4067,0.01,0.01,0.01,0.01,40,8,30,,,,117600,2.1116357e-07
K5_R1_5,lock,erase,0.4533,0.01,0.01,0.01,0.01,40,8,30,,,,117600,0
K5_R1_5,lock,erase,0.5,0.01,0.01,0.01,0.01,40,8,30,,,,117600,0
K5_R1_5,lock,erase,0.6667,0.01,0.01,0.01,0.01,40,8,30,,,,117600,0
K5_R1_5,lock,erase,0.8333,0.01,0.01,0.01,0.01,40,8,30,,,,117600,0
K5_R1_5,lock,erase,1,0.01,0.01,0.01,0.01,40,8,30,,,,126360,0
